condition,question_id,turn_index,mode,current_goal,gold_hop_ids,gold_calls,unit_id,node_id,generated_action,generated_tool,dependencies,valid_tool,schema_valid,schema_error,match_strength,primary_hop_id,primary_gold_call,primary_score,best_candidate_hop_id,best_candidate_gold_call,best_candidate_score,best_candidate_reason,unmatched_reason
smoke_explicit,multi_turn_base_35,0,llmcompiler_explicit_dag,"Find a file named 'config.py' somewhere deep in the file system and once you have located it, display the last line of the first occuring file.",h1 | h2 | h3,"cd(folder='projects') | cd(folder='deep_folder') | tail(file_name='config.py',lines=1)",u1,1,"1. find_file(name=""config.py"")",find_file,,False,False,missing_tool_schema,wrong,,,,h3,"tail({""file_name"": ""config.py"", ""lines"": 1})",10,argument_overlap:config.py;schema_invalid,no_candidate_above_threshold
smoke_explicit,multi_turn_base_35,0,llmcompiler_explicit_dag,"Find a file named 'config.py' somewhere deep in the file system and once you have located it, display the last line of the first occuring file.",h1 | h2 | h3,"cd(folder='projects') | cd(folder='deep_folder') | tail(file_name='config.py',lines=1)",u2,2,"2. read_file(file_name=$1.path, lines=1)",read_file,1,False,False,missing_tool_schema,wrong,,,,h3,"tail({""file_name"": ""config.py"", ""lines"": 1})",40,"parameter_overlap:file_name,lines;argument_overlap:file_name,lines;schema_invalid;unresolved_input",no_candidate_above_threshold
smoke_explicit,multi_turn_base_35,1,llmcompiler_explicit_dag,This is actually not what I want. Could you display the entire content of the second file found.,h4,cat(file_name='real_config.py'),u1,1,1. cd(folder='projects'),cd,,True,True,,wrong,,,,h4,"cat({""file_name"": ""real_config.py""})",5,schema_valid,no_candidate_above_threshold
smoke_explicit,multi_turn_base_35,1,llmcompiler_explicit_dag,This is actually not what I want. Could you display the entire content of the second file found.,h4,cat(file_name='real_config.py'),u2,2,2. cd(folder='deep_folder'),cd,,True,True,,wrong,,,,h4,"cat({""file_name"": ""real_config.py""})",5,schema_valid,no_candidate_above_threshold
smoke_explicit,multi_turn_base_35,2,llmcompiler_explicit_dag,Store the differences of the two file in a new file call diff.txt.,h5 | h6 | h7,"diff(file_name1='config.py',file_name2='real_config.py') | touch(file_name='diff.txt') | echo(content='- Initialization of the system+ Real Config.',file_name='diff.txt')",u1,1,"1. tail(file_name='config.py',lines=1)",tail,,True,True,,wrong,,,,h6,"touch({""file_name"": ""diff.txt""})",25,parameter_overlap:file_name;argument_overlap:file_name;schema_valid,no_candidate_above_threshold
smoke_explicit,multi_turn_base_35,2,llmcompiler_explicit_dag,Store the differences of the two file in a new file call diff.txt.,h5 | h6 | h7,"diff(file_name1='config.py',file_name2='real_config.py') | touch(file_name='diff.txt') | echo(content='- Initialization of the system+ Real Config.',file_name='diff.txt')",u2,2,2. cat(file_name='real_config.py'),cat,,True,True,,wrong,,,,h6,"touch({""file_name"": ""diff.txt""})",25,parameter_overlap:file_name;argument_overlap:file_name;schema_valid,no_candidate_above_threshold
smoke_explicit,multi_turn_base_35,2,llmcompiler_explicit_dag,Store the differences of the two file in a new file call diff.txt.,h5 | h6 | h7,"diff(file_name1='config.py',file_name2='real_config.py') | touch(file_name='diff.txt') | echo(content='- Initialization of the system+ Real Config.',file_name='diff.txt')",u3,3,3. touch(file_name='diff.txt'),touch,,True,True,,exact,h6,"touch({""file_name"": ""diff.txt""})",135,h6,"touch({""file_name"": ""diff.txt""})",135,"exact_tool_name;parameter_overlap:file_name;argument_overlap:diff.txt,file_name;schema_valid",
smoke_explicit,multi_turn_base_35,2,llmcompiler_explicit_dag,Store the differences of the two file in a new file call diff.txt.,h5 | h6 | h7,"diff(file_name1='config.py',file_name2='real_config.py') | touch(file_name='diff.txt') | echo(content='- Initialization of the system+ Real Config.',file_name='diff.txt')",u4,4,4. cat(file_name='diff.txt'),cat,,True,True,,wrong,,,,h5,"diff({""file_name1"": ""config.py"", ""file_name2"": ""real_config.py""})",85,function_mention;schema_valid,no_candidate_above_threshold
smoke_explicit,multi_turn_base_39,0,llmcompiler_explicit_dag,I need you to set up a fresh folder named 'WebDevProjects' wherever you're currently working.,h1,mkdir(dir_name='WebDevProjects'),,,,,,,,,NO_GENERATED_UNIT,,,,,,,,no_generated_units
smoke_explicit,multi_turn_base_39,1,llmcompiler_explicit_dag,"Populate the 'WebDevProjects' folder with 3 files:, 'styles.css', 'index.html', and 'script.js' with content 'Hello World!','Hi World!', 'Halo World!' in each.",h2 | h3 | h4 | h5 | h6 | h7 | h8,"cd(folder='WebDevProjects') | touch(file_name='styles.css') | echo(content='Hello World!', file_name='styles.css') | touch(file_name='index.html') | echo(content='Hi World!', file_name='index.html') | touch(file_name='script.js') | echo(content='Halo World!', file_name='script.js')",u1,1,1. touch(file_name='styles.css'),touch,,True,True,,exact,h3,"touch({""file_name"": ""styles.css""})",135,h3,"touch({""file_name"": ""styles.css""})",135,"exact_tool_name;parameter_overlap:file_name;argument_overlap:file_name,styles.css;schema_valid",
smoke_explicit,multi_turn_base_39,1,llmcompiler_explicit_dag,"Populate the 'WebDevProjects' folder with 3 files:, 'styles.css', 'index.html', and 'script.js' with content 'Hello World!','Hi World!', 'Halo World!' in each.",h2 | h3 | h4 | h5 | h6 | h7 | h8,"cd(folder='WebDevProjects') | touch(file_name='styles.css') | echo(content='Hello World!', file_name='styles.css') | touch(file_name='index.html') | echo(content='Hi World!', file_name='index.html') | touch(file_name='script.js') | echo(content='Halo World!', file_name='script.js')",u2,2,2. touch(file_name='index.html'),touch,,True,True,,exact,h5,"touch({""file_name"": ""index.html""})",135,h5,"touch({""file_name"": ""index.html""})",135,"exact_tool_name;parameter_overlap:file_name;argument_overlap:file_name,index.html;schema_valid",
smoke_explicit,multi_turn_base_39,1,llmcompiler_explicit_dag,"Populate the 'WebDevProjects' folder with 3 files:, 'styles.css', 'index.html', and 'script.js' with content 'Hello World!','Hi World!', 'Halo World!' in each.",h2 | h3 | h4 | h5 | h6 | h7 | h8,"cd(folder='WebDevProjects') | touch(file_name='styles.css') | echo(content='Hello World!', file_name='styles.css') | touch(file_name='index.html') | echo(content='Hi World!', file_name='index.html') | touch(file_name='script.js') | echo(content='Halo World!', file_name='script.js')",u3,3,3. touch(file_name='script.js'),touch,,True,True,,exact,h7,"touch({""file_name"": ""script.js""})",135,h7,"touch({""file_name"": ""script.js""})",135,"exact_tool_name;parameter_overlap:file_name;argument_overlap:file_name,script.js;schema_valid",
smoke_explicit,multi_turn_base_39,1,llmcompiler_explicit_dag,"Populate the 'WebDevProjects' folder with 3 files:, 'styles.css', 'index.html', and 'script.js' with content 'Hello World!','Hi World!', 'Halo World!' in each.",h2 | h3 | h4 | h5 | h6 | h7 | h8,"cd(folder='WebDevProjects') | touch(file_name='styles.css') | echo(content='Hello World!', file_name='styles.css') | touch(file_name='index.html') | echo(content='Hi World!', file_name='index.html') | touch(file_name='script.js') | echo(content='Halo World!', file_name='script.js')",u4,4,"4. echo(file_name='styles.css', content='Hello World!')",echo,,True,True,,exact,h4,"echo({""content"": ""Hello World!"", ""file_name"": ""styles.css""})",175,h4,"echo({""content"": ""Hello World!"", ""file_name"": ""styles.css""})",175,"exact_tool_name;parameter_overlap:content,file_name;argument_overlap:content,file_name,hello,hello world!,styles.css,world;schema_valid",
smoke_explicit,multi_turn_base_39,1,llmcompiler_explicit_dag,"Populate the 'WebDevProjects' folder with 3 files:, 'styles.css', 'index.html', and 'script.js' with content 'Hello World!','Hi World!', 'Halo World!' in each.",h2 | h3 | h4 | h5 | h6 | h7 | h8,"cd(folder='WebDevProjects') | touch(file_name='styles.css') | echo(content='Hello World!', file_name='styles.css') | touch(file_name='index.html') | echo(content='Hi World!', file_name='index.html') | touch(file_name='script.js') | echo(content='Halo World!', file_name='script.js')",u5,5,"5. echo(file_name='index.html', content='Hi World!')",echo,,True,True,,exact,h6,"echo({""content"": ""Hi World!"", ""file_name"": ""index.html""})",175,h6,"echo({""content"": ""Hi World!"", ""file_name"": ""index.html""})",175,"exact_tool_name;parameter_overlap:content,file_name;argument_overlap:content,file_name,hi,hi world!,index.html,world;schema_valid",
smoke_explicit,multi_turn_base_39,1,llmcompiler_explicit_dag,"Populate the 'WebDevProjects' folder with 3 files:, 'styles.css', 'index.html', and 'script.js' with content 'Hello World!','Hi World!', 'Halo World!' in each.",h2 | h3 | h4 | h5 | h6 | h7 | h8,"cd(folder='WebDevProjects') | touch(file_name='styles.css') | echo(content='Hello World!', file_name='styles.css') | touch(file_name='index.html') | echo(content='Hi World!', file_name='index.html') | touch(file_name='script.js') | echo(content='Halo World!', file_name='script.js')",u6,6,"6. echo(file_name='script.js', content='Halo World!')",echo,,True,True,,exact,h8,"echo({""content"": ""Halo World!"", ""file_name"": ""script.js""})",175,h8,"echo({""content"": ""Halo World!"", ""file_name"": ""script.js""})",175,"exact_tool_name;parameter_overlap:content,file_name;argument_overlap:content,file_name,halo,halo world!,script.js,world;schema_valid",
smoke_explicit,multi_turn_base_39,2,llmcompiler_explicit_dag,What's the second file name by system order? Don't list out hidden files.,h9,ls(),u1,1,1. ls(a=True),ls,,True,True,,wrong,,,,h9,ls({}),105,exact_tool_name;schema_valid,no_candidate_above_threshold
smoke_explicit,multi_turn_base_39,2,llmcompiler_explicit_dag,What's the second file name by system order? Don't list out hidden files.,h9,ls(),u2,2,2. cat(file_name='styles.css'),cat,,True,True,,wrong,,,,h9,ls({}),5,schema_valid,no_candidate_above_threshold
smoke_explicit,multi_turn_base_39,2,llmcompiler_explicit_dag,What's the second file name by system order? Don't list out hidden files.,h9,ls(),u3,3,3. ls(a=True),ls,,True,True,,partial,h9,ls({}),105,h9,ls({}),105,exact_tool_name;schema_valid,
smoke_explicit,multi_turn_base_39,2,llmcompiler_explicit_dag,What's the second file name by system order? Don't list out hidden files.,h9,ls(),u4,4,4. cat(file_name='index.html'),cat,,True,True,,wrong,,,,h9,ls({}),5,schema_valid,no_candidate_above_threshold
smoke_explicit,multi_turn_base_39,3,llmcompiler_explicit_dag,Can you display the content of the first file by system order?,h10,cat(file_name='styles.css'),u1,1,1. cd(folder='WebDevProjects'),cd,,True,True,,wrong,,,,h10,"cat({""file_name"": ""styles.css""})",25,"argument_overlap:cat,styles.css;schema_valid",no_candidate_above_threshold
smoke_explicit,multi_turn_base_39,3,llmcompiler_explicit_dag,Can you display the content of the first file by system order?,h10,cat(file_name='styles.css'),u2,2,2. touch(file_name='styles.css'),touch,,True,True,,wrong,,,,h10,"cat({""file_name"": ""styles.css""})",35,"parameter_overlap:file_name;argument_overlap:file_name,styles.css;schema_valid",no_candidate_above_threshold
smoke_explicit,multi_turn_base_39,3,llmcompiler_explicit_dag,Can you display the content of the first file by system order?,h10,cat(file_name='styles.css'),u3,3,3. cat(file_name='styles.css'),cat,,True,True,,exact,h10,"cat({""file_name"": ""styles.css""})",135,h10,"cat({""file_name"": ""styles.css""})",135,"exact_tool_name;parameter_overlap:file_name;argument_overlap:file_name,styles.css;schema_valid",
smoke_explicit,multi_turn_base_50,0,llmcompiler_explicit_dag,"Hey there, I noticed that all of my car doors seem to have locked themselves up, and with my schedule being pretty tight today, I'm in quite a pinch. I could really use your help to get those doors unlocked. It'd be fantastic if you could also switch on the headlights. It's getting a bit darker out here than expected, and visibility's not great!",h1 | h2,"lockDoors(unlock=True, door=['driver', 'passenger', 'rear_left', 'rear_right']) | setHeadlights(mode='on')",u1,1,"1. lockDoors(param={""unlock"": True, ""door"": [""driver"", ""passenger"", ""rear_left"", ""rear_right""]})",lockDoors,,True,False,"missing_required: door, unlock; unknown_parameters: param",partial,h1,"lockDoors({""unlock"": true, ""door"": [""driver"", ""passenger"", ""rear_left"", ""rear_right""]})",150,h1,"lockDoors({""unlock"": true, ""door"": [""driver"", ""passenger"", ""rear_left"", ""rear_right""]})",150,"exact_tool_name;argument_overlap:door,driver,lockdoors,passenger,rear_left,rear_right,unlock;schema_invalid",
smoke_explicit,multi_turn_base_50,0,llmcompiler_explicit_dag,"Hey there, I noticed that all of my car doors seem to have locked themselves up, and with my schedule being pretty tight today, I'm in quite a pinch. I could really use your help to get those doors unlocked. It'd be fantastic if you could also switch on the headlights. It's getting a bit darker out here than expected, and visibility's not great!",h1 | h2,"lockDoors(unlock=True, door=['driver', 'passenger', 'rear_left', 'rear_right']) | setHeadlights(mode='on')",u2,2,"2. setHeadlights(param={""mode"": ""on""})",setHeadlights,,True,False,missing_required: mode; unknown_parameters: param,partial,h2,"setHeadlights({""mode"": ""on""})",110,h2,"setHeadlights({""mode"": ""on""})",110,exact_tool_name;argument_overlap:mode;schema_invalid,
smoke_explicit,multi_turn_base_55,0,llmcompiler_explicit_dag,"If the fuel level is lower than 10, then go ahead and add double that amount. Let's assume I will also head out right after, so feel free to start the engine using the necessary mode.",h1 | h2 | h3 | h4 | h5,"displayCarStatus('fuel') | fillFuelTank(15.0) | lockDoors(unlock=False, door=['driver', 'passenger', 'rear_left', 'rear_right']) | pressBrakePedal(pedalPosition=1.0) | startEngine(ignitionMode='START')",u1,1,1. checkFuelLevel(),checkFuelLevel,,False,False,missing_tool_schema,wrong,,,,h1,"displayCarStatus({""_arg0"": ""fuel""})",10,argument_overlap:fuel;schema_invalid,no_candidate_above_threshold
smoke_explicit,multi_turn_base_55,0,llmcompiler_explicit_dag,"If the fuel level is lower than 10, then go ahead and add double that amount. Let's assume I will also head out right after, so feel free to start the engine using the necessary mode.",h1 | h2 | h3 | h4 | h5,"displayCarStatus('fuel') | fillFuelTank(15.0) | lockDoors(unlock=False, door=['driver', 'passenger', 'rear_left', 'rear_right']) | pressBrakePedal(pedalPosition=1.0) | startEngine(ignitionMode='START')",u2,1,1. fillFuelTank(arg=fuelAmount=20),fillFuelTank,,True,False,syntax_error: invalid syntax; missing_required: fuelAmount,partial,h2,"fillFuelTank({""_arg0"": 15.0})",100,h2,"fillFuelTank({""_arg0"": 15.0})",100,exact_tool_name;schema_invalid,
smoke_explicit,multi_turn_base_55,0,llmcompiler_explicit_dag,"If the fuel level is lower than 10, then go ahead and add double that amount. Let's assume I will also head out right after, so feel free to start the engine using the necessary mode.",h1 | h2 | h3 | h4 | h5,"displayCarStatus('fuel') | fillFuelTank(15.0) | lockDoors(unlock=False, door=['driver', 'passenger', 'rear_left', 'rear_right']) | pressBrakePedal(pedalPosition=1.0) | startEngine(ignitionMode='START')",u3,2,"2. startEngine(arg=ignitionMode=""START"")",startEngine,,True,False,syntax_error: invalid syntax; missing_required: ignitionMode,wrong,,,,h5,"startEngine({""ignitionMode"": ""START""})",120,"exact_tool_name;argument_overlap:ignitionmode,start;schema_invalid",no_candidate_above_threshold
smoke_explicit,multi_turn_base_55,0,llmcompiler_explicit_dag,"If the fuel level is lower than 10, then go ahead and add double that amount. Let's assume I will also head out right after, so feel free to start the engine using the necessary mode.",h1 | h2 | h3 | h4 | h5,"displayCarStatus('fuel') | fillFuelTank(15.0) | lockDoors(unlock=False, door=['driver', 'passenger', 'rear_left', 'rear_right']) | pressBrakePedal(pedalPosition=1.0) | startEngine(ignitionMode='START')",u4,3,"3. startEngine(arg=ignitionMode=""START"")",startEngine,,True,False,syntax_error: invalid syntax; missing_required: ignitionMode,wrong,,,,h5,"startEngine({""ignitionMode"": ""START""})",120,"exact_tool_name;argument_overlap:ignitionmode,start;schema_invalid",no_candidate_above_threshold
smoke_explicit,multi_turn_base_55,0,llmcompiler_explicit_dag,"If the fuel level is lower than 10, then go ahead and add double that amount. Let's assume I will also head out right after, so feel free to start the engine using the necessary mode.",h1 | h2 | h3 | h4 | h5,"displayCarStatus('fuel') | fillFuelTank(15.0) | lockDoors(unlock=False, door=['driver', 'passenger', 'rear_left', 'rear_right']) | pressBrakePedal(pedalPosition=1.0) | startEngine(ignitionMode='START')",u5,3,"3. startEngine(arg=ignitionMode=""START"")",startEngine,,True,False,syntax_error: invalid syntax; missing_required: ignitionMode,partial,h5,"startEngine({""ignitionMode"": ""START""})",120,h5,"startEngine({""ignitionMode"": ""START""})",120,"exact_tool_name;argument_overlap:ignitionmode,start;schema_invalid",
smoke_explicit,multi_turn_base_55,1,llmcompiler_explicit_dag,"Since we are all set to go, could you quickly check the pressure of all the tires to ensure everything is safe for our journey?",h6,check_tire_pressure(),u1,1,1. pressBrakePedal(pedalPosition=1.0),pressBrakePedal,,True,True,,wrong,,,,h6,check_tire_pressure({}),5,schema_valid,no_candidate_above_threshold
smoke_explicit,multi_turn_base_55,1,llmcompiler_explicit_dag,"Since we are all set to go, could you quickly check the pressure of all the tires to ensure everything is safe for our journey?",h6,check_tire_pressure(),u2,2,2. startEngine(ignitionMode='START'),startEngine,,True,True,,wrong,,,,h6,check_tire_pressure({}),5,schema_valid,no_candidate_above_threshold
smoke_explicit,multi_turn_base_55,2,llmcompiler_explicit_dag,"The pressure seemed lower than expected. Let's open a ticket for 'Tire Pressure Issue', and detail it 'Urgent tire pressure issue.'. Given the urgency, classify this as the top priority to issue, where a higher score has more priority.",h7,"create_ticket(title='Tire Pressure Issue', description='Urgent tire pressure issue.', priority=5)",u1,1,"1. create_ticket(ticketTitle=""Tire Pressure Issue"", description=""Urgent tire pressure issue"", priorityScore=1)",create_ticket,,True,False,"missing_required: title; unknown_parameters: priorityScore, ticketTitle",partial,h7,"create_ticket({""title"": ""Tire Pressure Issue"", ""description"": ""Urgent tire pressure issue."", ""priority"": 5})",160,h7,"create_ticket({""title"": ""Tire Pressure Issue"", ""description"": ""Urgent tire pressure issue."", ""priority"": 5})",160,"exact_tool_name;parameter_overlap:description;argument_overlap:description,issue,pressure,priority,tire,tire pressure issue,urgent;schema_invalid",
smoke_explicit,multi_turn_base_55,3,llmcompiler_explicit_dag,"Apparently, I never got feedback on the tire pressure ticket I created. Can you fetch that ticket for me so I can review the current status?",h8,get_ticket(ticket_id=2),u1,1,1. get_ticket(id=2),get_ticket,,True,False,missing_required: ticket_id; unknown_parameters: id,partial,h8,"get_ticket({""ticket_id"": 2})",110,h8,"get_ticket({""ticket_id"": 2})",110,exact_tool_name;argument_overlap:get_ticket;schema_invalid,
smoke_explicit,multi_turn_base_55,4,llmcompiler_explicit_dag,"Great! They just gave me a call back. Now that I've checked the details, let's resolve the tire pressure ticket with an update stating 'Issue resolved!'.",h9,"resolve_ticket(ticket_id=2, resolution='Issue resolved!')",u1,1,1. get_ticket(ticket_id=2),get_ticket,,True,True,,wrong,,,,h9,"resolve_ticket({""ticket_id"": 2, ""resolution"": ""Issue resolved!""})",25,parameter_overlap:ticket_id;argument_overlap:ticket_id;schema_valid,no_candidate_above_threshold
smoke_explicit,multi_turn_base_55,4,llmcompiler_explicit_dag,"Great! They just gave me a call back. Now that I've checked the details, let's resolve the tire pressure ticket with an update stating 'Issue resolved!'.",h9,"resolve_ticket(ticket_id=2, resolution='Issue resolved!')",u2,2,"2. update_ticket(ticket_id=2, description='Issue resolved!')",update_ticket,,False,False,missing_tool_schema,wrong,,,,h9,"resolve_ticket({""ticket_id"": 2, ""resolution"": ""Issue resolved!""})",50,"parameter_overlap:ticket_id;argument_overlap:issue,issue resolved!,resolved,ticket_id;schema_invalid",no_candidate_above_threshold
smoke_explicit,multi_turn_base_56,0,llmcompiler_explicit_dag,I'm setting off on a road trip and my departure point is sunny San Francisco. Could you determine the distance to Rivermist to help me plan my fuel stops on the way?,h1 | h2 | h3,"get_zipcode_based_on_city('San Francisco') | get_zipcode_based_on_city('Rivermist') | estimate_distance(cityA='94016', cityB='83214')",u1,1,"1. get_zipcode_based_on_city(city=""Rivermist"")",get_zipcode_based_on_city,,True,True,,exact,h1,"get_zipcode_based_on_city({""_arg0"": ""San Francisco""})",135,h1,"get_zipcode_based_on_city({""_arg0"": ""San Francisco""})",135,"exact_tool_name;argument_overlap:francisco,get_zipcode_based_on_city,san;schema_valid",
smoke_explicit,multi_turn_base_56,0,llmcompiler_explicit_dag,I'm setting off on a road trip and my departure point is sunny San Francisco. Could you determine the distance to Rivermist to help me plan my fuel stops on the way?,h1 | h2 | h3,"get_zipcode_based_on_city('San Francisco') | get_zipcode_based_on_city('Rivermist') | estimate_distance(cityA='94016', cityB='83214')",u2,2,"2. get_zipcode_based_on_city(result=$1, field=""zipcode"")",get_zipcode_based_on_city,1,True,False,"missing_required: city; unknown_parameters: field, result",partial,h2,"get_zipcode_based_on_city({""_arg0"": ""Rivermist""})",100,h1,"get_zipcode_based_on_city({""_arg0"": ""San Francisco""})",100,exact_tool_name;schema_invalid;unresolved_input,
smoke_explicit,multi_turn_base_56,1,llmcompiler_explicit_dag,"Before embarking on this journey, please top up my vehicle to end with 50 gallons of fuel.",h4 | h5,displayCarStatus('fuel') | fillFuelTank(fuelAmount=40),u1,1,1. fillFuelTank(fuelAmount=50.0),fillFuelTank,,True,True,,exact,h5,"fillFuelTank({""fuelAmount"": 40})",135,h5,"fillFuelTank({""fuelAmount"": 40})",135,"exact_tool_name;parameter_overlap:fuelAmount;argument_overlap:fillfueltank,fuelamount;schema_valid",
smoke_explicit,multi_turn_base_56,2,llmcompiler_explicit_dag,Please start the engine to prepare for our travel. Ensure that the car is locked and everything is secure for a seamless start.,h6 | h7 | h8,"lockDoors(unlock=False, door=['driver', 'passenger', 'rear_left', 'rear_right']) | pressBrakePedal(pedalPosition=1.0) | startEngine(ignitionMode='START')",u1,1,"1. lockDoors(unlock=False, door= [""driver"", ""passenger"", ""rear_left"", ""rear_right""])",lockDoors,,True,True,,exact,h6,"lockDoors({""unlock"": false, ""door"": [""driver"", ""passenger"", ""rear_left"", ""rear_right""]})",175,h6,"lockDoors({""unlock"": false, ""door"": [""driver"", ""passenger"", ""rear_left"", ""rear_right""]})",175,"exact_tool_name;parameter_overlap:door,unlock;argument_overlap:door,driver,lockdoors,passenger,rear_left,rear_right,unlock;schema_valid",
smoke_explicit,multi_turn_base_56,2,llmcompiler_explicit_dag,Please start the engine to prepare for our travel. Ensure that the car is locked and everything is secure for a seamless start.,h6 | h7 | h8,"lockDoors(unlock=False, door=['driver', 'passenger', 'rear_left', 'rear_right']) | pressBrakePedal(pedalPosition=1.0) | startEngine(ignitionMode='START')",u2,2,2. startEngine(ignitionMode='START'),startEngine,,True,True,,exact,h8,"startEngine({""ignitionMode"": ""START""})",135,h8,"startEngine({""ignitionMode"": ""START""})",135,"exact_tool_name;parameter_overlap:ignitionMode;argument_overlap:ignitionmode,start;schema_valid",
smoke_explicit,multi_turn_base_57,0,llmcompiler_explicit_dag,"I've been thinking of visiting Autumnville for a while now, but I'm not sure how far it is from here in Crescent Hollow. Can you help me figure this out so I can plan my trip accordingly?",h1 | h2 | h3,"get_zipcode_based_on_city('Crescent Hollow') | get_zipcode_based_on_city('Autumnville') | estimate_distance(cityA='69238', cityB='51479')",u1,1,"1. math.add(a=0.result, b=0.0)",math.add,,False,False,missing_tool_schema,wrong,,,,h1,"get_zipcode_based_on_city({""_arg0"": ""Crescent Hollow""})",20,"argument_overlap:crescent,hollow;schema_invalid",no_candidate_above_threshold
smoke_explicit,multi_turn_base_57,0,llmcompiler_explicit_dag,"I've been thinking of visiting Autumnville for a while now, but I'm not sure how far it is from here in Crescent Hollow. Can you help me figure this out so I can plan my trip accordingly?",h1 | h2 | h3,"get_zipcode_based_on_city('Crescent Hollow') | get_zipcode_based_on_city('Autumnville') | estimate_distance(cityA='69238', cityB='51479')",u2,2,"2. math.multiply(a=3.0, b=3.0)",math.multiply,,False,False,missing_tool_schema,wrong,,,,h1,"get_zipcode_based_on_city({""_arg0"": ""Crescent Hollow""})",0,schema_invalid,no_candidate_above_threshold
smoke_explicit,multi_turn_base_57,0,llmcompiler_explicit_dag,"I've been thinking of visiting Autumnville for a while now, but I'm not sure how far it is from here in Crescent Hollow. Can you help me figure this out so I can plan my trip accordingly?",h1 | h2 | h3,"get_zipcode_based_on_city('Crescent Hollow') | get_zipcode_based_on_city('Autumnville') | estimate_distance(cityA='69238', cityB='51479')",u3,3,"3. math.multiply(a=4.0, b=4.0)",math.multiply,,False,False,missing_tool_schema,wrong,,,,h1,"get_zipcode_based_on_city({""_arg0"": ""Crescent Hollow""})",0,schema_invalid,no_candidate_above_threshold
smoke_explicit,multi_turn_base_57,0,llmcompiler_explicit_dag,"I've been thinking of visiting Autumnville for a while now, but I'm not sure how far it is from here in Crescent Hollow. Can you help me figure this out so I can plan my trip accordingly?",h1 | h2 | h3,"get_zipcode_based_on_city('Crescent Hollow') | get_zipcode_based_on_city('Autumnville') | estimate_distance(cityA='69238', cityB='51479')",u4,4,"4. math.add(a=$2.result, b=$3.result)",math.add,"2,3",False,False,missing_tool_schema,wrong,,,,h1,"get_zipcode_based_on_city({""_arg0"": ""Crescent Hollow""})",0,schema_invalid;unresolved_input,no_candidate_above_threshold
smoke_explicit,multi_turn_base_57,0,llmcompiler_explicit_dag,"I've been thinking of visiting Autumnville for a while now, but I'm not sure how far it is from here in Crescent Hollow. Can you help me figure this out so I can plan my trip accordingly?",h1 | h2 | h3,"get_zipcode_based_on_city('Crescent Hollow') | get_zipcode_based_on_city('Autumnville') | estimate_distance(cityA='69238', cityB='51479')",u5,5,"5. math.add(a=$1.result, b=$4.result)",math.add,"1,4",False,False,missing_tool_schema,wrong,,,,h1,"get_zipcode_based_on_city({""_arg0"": ""Crescent Hollow""})",0,schema_invalid;unresolved_input,no_candidate_above_threshold
smoke_explicit,multi_turn_base_57,1,llmcompiler_explicit_dag,"Oh, and by the way, there's something else I need help with. I want to calculate the logarithm of the distance you've just told me about, considering a base 10 with a precision of 5 digits. Could you provide me with this value as well?",h4,"logarithm(value=630.0, base=10, precision=5)",u1,1,1. get_zipcode_based_on_city('Crescent Hollow'),get_zipcode_based_on_city,,True,False,positional_args_not_schema_checked; missing_required: city,wrong,,,,h4,"logarithm({""value"": 630.0, ""base"": 10, ""precision"": 5})",40,"argument_overlap:10,base,logarithm,precision;schema_invalid",no_candidate_above_threshold
smoke_explicit,multi_turn_base_57,1,llmcompiler_explicit_dag,"Oh, and by the way, there's something else I need help with. I want to calculate the logarithm of the distance you've just told me about, considering a base 10 with a precision of 5 digits. Could you provide me with this value as well?",h4,"logarithm(value=630.0, base=10, precision=5)",u2,2,2. get_zipcode_based_on_city('Autumnville'),get_zipcode_based_on_city,,True,False,positional_args_not_schema_checked; missing_required: city,wrong,,,,h4,"logarithm({""value"": 630.0, ""base"": 10, ""precision"": 5})",0,schema_invalid,no_candidate_above_threshold
smoke_explicit,multi_turn_base_57,1,llmcompiler_explicit_dag,"Oh, and by the way, there's something else I need help with. I want to calculate the logarithm of the distance you've just told me about, considering a base 10 with a precision of 5 digits. Could you provide me with this value as well?",h4,"logarithm(value=630.0, base=10, precision=5)",u3,3,"3. estimate_distance(cityA='69238', cityB='51479')",estimate_distance,,True,True,,wrong,,,,h4,"logarithm({""value"": 630.0, ""base"": 10, ""precision"": 5})",5,schema_valid,no_candidate_above_threshold
smoke_explicit,multi_turn_base_59,0,llmcompiler_explicit_dag,I recently moved to San Francisco and I’m planning a trip to Rivermist. How far apart are these places? I'd like to gauge the distance before setting off on this adventure.,h1 | h2 | h3,"get_zipcode_based_on_city('San Francisco') | get_zipcode_based_on_city('Rivermist') | estimate_distance(cityA='94016', cityB='83214')",u1,1,"1. si_unit_conversion(value=220.00, unit_in=""miles"", unit_out=""km"")",si_unit_conversion,,True,True,,wrong,,,,h1,"get_zipcode_based_on_city({""_arg0"": ""San Francisco""})",25,"argument_overlap:francisco,san;schema_valid",no_candidate_above_threshold
smoke_explicit,multi_turn_base_59,0,llmcompiler_explicit_dag,I recently moved to San Francisco and I’m planning a trip to Rivermist. How far apart are these places? I'd like to gauge the distance before setting off on this adventure.,h1 | h2 | h3,"get_zipcode_based_on_city('San Francisco') | get_zipcode_based_on_city('Rivermist') | estimate_distance(cityA='94016', cityB='83214')",u2,2,"2. si_unit_conversion(value=300.00, unit_in=""miles"", unit_out=""km"")",si_unit_conversion,,True,True,,wrong,,,,h1,"get_zipcode_based_on_city({""_arg0"": ""San Francisco""})",5,schema_valid,no_candidate_above_threshold
smoke_explicit,multi_turn_base_59,0,llmcompiler_explicit_dag,I recently moved to San Francisco and I’m planning a trip to Rivermist. How far apart are these places? I'd like to gauge the distance before setting off on this adventure.,h1 | h2 | h3,"get_zipcode_based_on_city('San Francisco') | get_zipcode_based_on_city('Rivermist') | estimate_distance(cityA='94016', cityB='83214')",u3,3,"3. add(a=1.result, b=2.result)",add,,True,False,"syntax_error: invalid decimal literal; missing_required: a, b",wrong,,,,h1,"get_zipcode_based_on_city({""_arg0"": ""San Francisco""})",0,schema_invalid,no_candidate_above_threshold
smoke_explicit,multi_turn_base_59,0,llmcompiler_explicit_dag,I recently moved to San Francisco and I’m planning a trip to Rivermist. How far apart are these places? I'd like to gauge the distance before setting off on this adventure.,h1 | h2 | h3,"get_zipcode_based_on_city('San Francisco') | get_zipcode_based_on_city('Rivermist') | estimate_distance(cityA='94016', cityB='83214')",u4,4,"4. si_unit_conversion(value=3.result, unit_in=""km"", unit_out=""mi"")",si_unit_conversion,,True,False,"syntax_error: invalid decimal literal; missing_required: unit_in, unit_out, value",wrong,,,,h1,"get_zipcode_based_on_city({""_arg0"": ""San Francisco""})",0,schema_invalid,no_candidate_above_threshold
smoke_explicit,multi_turn_base_59,0,llmcompiler_explicit_dag,I recently moved to San Francisco and I’m planning a trip to Rivermist. How far apart are these places? I'd like to gauge the distance before setting off on this adventure.,h1 | h2 | h3,"get_zipcode_based_on_city('San Francisco') | get_zipcode_based_on_city('Rivermist') | estimate_distance(cityA='94016', cityB='83214')",u5,5,"5. subtract(a=4.result, b=220.00)",subtract,,True,False,"syntax_error: invalid decimal literal; missing_required: a, b",wrong,,,,h1,"get_zipcode_based_on_city({""_arg0"": ""San Francisco""})",0,schema_invalid,no_candidate_above_threshold
smoke_explicit,multi_turn_base_59,1,llmcompiler_explicit_dag,"Now that I have the distance sorted, I'm considering the fuel situation. What's the current level of gasoline I have in liters?",h4 | h5,displayCarStatus(option='fuel') | gallon_to_liter(gallon=10),u1,1,1. get_fuel_level(vehicle_id='12345'),get_fuel_level,,False,False,missing_tool_schema,wrong,,,,h4,"displayCarStatus({""option"": ""fuel""})",10,argument_overlap:fuel;schema_invalid,no_candidate_above_threshold
smoke_explicit,multi_turn_base_59,1,llmcompiler_explicit_dag,"Now that I have the distance sorted, I'm considering the fuel situation. What's the current level of gasoline I have in liters?",h4 | h5,displayCarStatus(option='fuel') | gallon_to_liter(gallon=10),u2,2,2. get_fuel_level(vehicle_id='12345'),get_fuel_level,,False,False,missing_tool_schema,wrong,,,,h4,"displayCarStatus({""option"": ""fuel""})",0,schema_invalid,no_candidate_above_threshold
smoke_explicit,multi_turn_base_59,1,llmcompiler_explicit_dag,"Now that I have the distance sorted, I'm considering the fuel situation. What's the current level of gasoline I have in liters?",h4 | h5,displayCarStatus(option='fuel') | gallon_to_liter(gallon=10),u3,3,"3. si_unit_conversion(value=15.0, unit_in='gallons', vehicle_id='12345', unit_out='liters')",si_unit_conversion,,True,False,unknown_parameters: vehicle_id,wrong,,,,h4,"displayCarStatus({""option"": ""fuel""})",0,schema_invalid,no_candidate_above_threshold
smoke_explicit,multi_turn_base_59,2,llmcompiler_explicit_dag,"With the liters in mind, I'll need to top up my vehicle’s tank. Please go ahead and fill up the tank before I hit the road.",h6,fillFuelTank(fuelAmount=40),u1,1,1. gallon_to_liter(gallon=10),gallon_to_liter,,True,True,,wrong,,,,h6,"fillFuelTank({""fuelAmount"": 40})",5,schema_valid,no_candidate_above_threshold
smoke_explicit,multi_turn_base_59,2,llmcompiler_explicit_dag,"With the liters in mind, I'll need to top up my vehicle’s tank. Please go ahead and fill up the tank before I hit the road.",h6,fillFuelTank(fuelAmount=40),u2,2,"2. fillUpFuelTank(fuelLevel=10, amount=50)",fillUpFuelTank,,False,False,missing_tool_schema,wrong,,,,h6,"fillFuelTank({""fuelAmount"": 40})",0,schema_invalid,no_candidate_above_threshold
smoke_explicit,multi_turn_base_59,3,llmcompiler_explicit_dag,"As the journey is about to begin, could you kindly engage the 'START' ignition mode to ready the vehicle? I want to ensure everything's in perfect working order before I drive off.",h7 | h8 | h9,"lockDoors(unlock=False, door=['driver', 'passenger', 'rear_left', 'rear_right']) | pressBrakePedal(pedalPosition=1.0) | startEngine(ignitionMode='START')",u1,1,1. fillFuelTank(fuelAmount=40),fillFuelTank,,True,True,,wrong,,,,h9,"startEngine({""ignitionMode"": ""START""})",15,argument_overlap:start;schema_valid,no_candidate_above_threshold
smoke_explicit,multi_turn_base_59,3,llmcompiler_explicit_dag,"As the journey is about to begin, could you kindly engage the 'START' ignition mode to ready the vehicle? I want to ensure everything's in perfect working order before I drive off.",h7 | h8 | h9,"lockDoors(unlock=False, door=['driver', 'passenger', 'rear_left', 'rear_right']) | pressBrakePedal(pedalPosition=1.0) | startEngine(ignitionMode='START')",u2,2,2. setIgnitionMode(mode='start'),setIgnitionMode,,False,False,missing_tool_schema,wrong,,,,h9,"startEngine({""ignitionMode"": ""START""})",10,argument_overlap:start;schema_invalid,no_candidate_above_threshold
smoke_explicit,multi_turn_base_59,4,llmcompiler_explicit_dag,"Finally, I'm analyzing mileage statistics and need the logarithm of the distance to the base the previous fuel value, computed to a precision of 10. Use base of 20. This will help with assessing the fuel efficiency patterns.",h10,"logarithm(value=980.0, base=20, precision=10)",u1,1,1. displayCarStatus(option='fuel'),displayCarStatus,,True,True,,wrong,,,,h10,"logarithm({""value"": 980.0, ""base"": 20, ""precision"": 10})",5,schema_valid,no_candidate_above_threshold
smoke_explicit,multi_turn_base_59,4,llmcompiler_explicit_dag,"Finally, I'm analyzing mileage statistics and need the logarithm of the distance to the base the previous fuel value, computed to a precision of 10. Use base of 20. This will help with assessing the fuel efficiency patterns.",h10,"logarithm(value=980.0, base=20, precision=10)",u2,2,2. gallon_to_liter(gallon=10),gallon_to_liter,,True,True,,wrong,,,,h10,"logarithm({""value"": 980.0, ""base"": 20, ""precision"": 10})",15,argument_overlap:10;schema_valid,no_candidate_above_threshold
smoke_explicit,multi_turn_base_59,4,llmcompiler_explicit_dag,"Finally, I'm analyzing mileage statistics and need the logarithm of the distance to the base the previous fuel value, computed to a precision of 10. Use base of 20. This will help with assessing the fuel efficiency patterns.",h10,"logarithm(value=980.0, base=20, precision=10)",u3,3,3. fillFuelTank(fuelAmount=40),fillFuelTank,,True,True,,wrong,,,,h10,"logarithm({""value"": 980.0, ""base"": 20, ""precision"": 10})",5,schema_valid,no_candidate_above_threshold
smoke_explicit,multi_turn_base_59,4,llmcompiler_explicit_dag,"Finally, I'm analyzing mileage statistics and need the logarithm of the distance to the base the previous fuel value, computed to a precision of 10. Use base of 20. This will help with assessing the fuel efficiency patterns.",h10,"logarithm(value=980.0, base=20, precision=10)",u4,4,4. startEngine(ignitionMode='AUTO'),startEngine,,True,True,,wrong,,,,h10,"logarithm({""value"": 980.0, ""base"": 20, ""precision"": 10})",5,schema_valid,no_candidate_above_threshold
smoke_explicit,multi_turn_base_62,0,llmcompiler_explicit_dag,"I'm currently in Rivermist planning a trip to Stonebrook. Could you provide an estimate of the distance and forward this info to my cousin Bob via text, in the format 'The distance from Rivermist to Stonebrook is xxx km.', where xxx is replaced by the distance value, in one decimal place)?",h1 | h2 | h3 | h4,"get_zipcode_based_on_city('Rivermist') | get_zipcode_based_on_city('Stonebrook') | estimate_distance(cityA='83214', cityB='74532') | send_message(receiver_id='USR002', message='The distance from Rivermist to Stonebrook is 750.0 km.')",u1,1,1. get_zipcode_based_on_city(city=Rivermist),get_zipcode_based_on_city,,True,True,,exact,h1,"get_zipcode_based_on_city({""_arg0"": ""Rivermist""})",115,h1,"get_zipcode_based_on_city({""_arg0"": ""Rivermist""})",115,exact_tool_name;argument_overlap:rivermist;schema_valid,
smoke_explicit,multi_turn_base_62,0,llmcompiler_explicit_dag,"I'm currently in Rivermist planning a trip to Stonebrook. Could you provide an estimate of the distance and forward this info to my cousin Bob via text, in the format 'The distance from Rivermist to Stonebrook is xxx km.', where xxx is replaced by the distance value, in one decimal place)?",h1 | h2 | h3 | h4,"get_zipcode_based_on_city('Rivermist') | get_zipcode_based_on_city('Stonebrook') | estimate_distance(cityA='83214', cityB='74532') | send_message(receiver_id='USR002', message='The distance from Rivermist to Stonebrook is 750.0 km.')",u2,2,2. get_zipcode_based_on_city(city=Stonebrook),get_zipcode_based_on_city,,True,True,,exact,h2,"get_zipcode_based_on_city({""_arg0"": ""Stonebrook""})",115,h2,"get_zipcode_based_on_city({""_arg0"": ""Stonebrook""})",115,exact_tool_name;argument_overlap:stonebrook;schema_valid,
smoke_explicit,multi_turn_base_62,0,llmcompiler_explicit_dag,"I'm currently in Rivermist planning a trip to Stonebrook. Could you provide an estimate of the distance and forward this info to my cousin Bob via text, in the format 'The distance from Rivermist to Stonebrook is xxx km.', where xxx is replaced by the distance value, in one decimal place)?",h1 | h2 | h3 | h4,"get_zipcode_based_on_city('Rivermist') | get_zipcode_based_on_city('Stonebrook') | estimate_distance(cityA='83214', cityB='74532') | send_message(receiver_id='USR002', message='The distance from Rivermist to Stonebrook is 750.0 km.')",u3,3,"3. calculate_distance(city1=$1.zipcode, city2=$2.zipcode)",calculate_distance,"1,2",False,False,missing_tool_schema,wrong,,,,h1,"get_zipcode_based_on_city({""_arg0"": ""Rivermist""})",0,schema_invalid;unresolved_input,no_candidate_above_threshold
smoke_explicit,multi_turn_base_62,0,llmcompiler_explicit_dag,"I'm currently in Rivermist planning a trip to Stonebrook. Could you provide an estimate of the distance and forward this info to my cousin Bob via text, in the format 'The distance from Rivermist to Stonebrook is xxx km.', where xxx is replaced by the distance value, in one decimal place)?",h1 | h2 | h3 | h4,"get_zipcode_based_on_city('Rivermist') | get_zipcode_based_on_city('Stonebrook') | estimate_distance(cityA='83214', cityB='74532') | send_message(receiver_id='USR002', message='The distance from Rivermist to Stonebrook is 750.0 km.')",u4,4,"4. send_message(receiver=Bob, message=""The distance from Rivermist to Stonebrook is $3.distance km."")",send_message,3,True,False,"syntax_error: invalid syntax. Perhaps you forgot a comma?; missing_required: message, receiver_id",partial,h4,"send_message({""receiver_id"": ""USR002"", ""message"": ""The distance from Rivermist to Stonebrook is 750.0 km.""})",150,h4,"send_message({""receiver_id"": ""USR002"", ""message"": ""The distance from Rivermist to Stonebrook is 750.0 km.""})",150,"exact_tool_name;argument_overlap:distance,km.,message,rivermist,stonebrook;schema_invalid;unresolved_input",
smoke_explicit,multi_turn_base_62,0,llmcompiler_explicit_dag,"I'm currently in Rivermist planning a trip to Stonebrook. Could you provide an estimate of the distance and forward this info to my cousin Bob via text, in the format 'The distance from Rivermist to Stonebrook is xxx km.', where xxx is replaced by the distance value, in one decimal place)?",h1 | h2 | h3 | h4,"get_zipcode_based_on_city('Rivermist') | get_zipcode_based_on_city('Stonebrook') | estimate_distance(cityA='83214', cityB='74532') | send_message(receiver_id='USR002', message='The distance from Rivermist to Stonebrook is 750.0 km.')",u5,5,5. format_number_to_2_decimal_places(value=$3.distance),format_number_to_2_decimal_places,3,False,False,missing_tool_schema,wrong,,,,h1,"get_zipcode_based_on_city({""_arg0"": ""Rivermist""})",0,schema_invalid;unresolved_input,no_candidate_above_threshold
smoke_explicit,multi_turn_base_62,1,llmcompiler_explicit_dag,"As I set off on my drive, I need you to verify that all the doors on my car are securely locked, please.",h5,"lockDoors(unlock=False, door=['driver', 'passenger', 'rear_left', 'rear_right'])",u1,1,"1. lockDoors(unlock=True, door=[""driver"", ""passenger"", ""rear_left"", ""rear_right""])",lockDoors,,True,True,,wrong,,,,h5,"lockDoors({""unlock"": false, ""door"": [""driver"", ""passenger"", ""rear_left"", ""rear_right""]})",175,"exact_tool_name;parameter_overlap:door,unlock;argument_overlap:door,driver,lockdoors,passenger,rear_left,rear_right,unlock;schema_valid",no_candidate_above_threshold
smoke_explicit,multi_turn_base_62,1,llmcompiler_explicit_dag,"As I set off on my drive, I need you to verify that all the doors on my car are securely locked, please.",h5,"lockDoors(unlock=False, door=['driver', 'passenger', 'rear_left', 'rear_right'])",u2,2,"2. lockDoors(unlock=True, door=[""driver"", ""passenger"", ""rear_left"", ""rear_right""])",lockDoors,,True,True,,exact,h5,"lockDoors({""unlock"": false, ""door"": [""driver"", ""passenger"", ""rear_left"", ""rear_right""]})",175,h5,"lockDoors({""unlock"": false, ""door"": [""driver"", ""passenger"", ""rear_left"", ""rear_right""]})",175,"exact_tool_name;parameter_overlap:door,unlock;argument_overlap:door,driver,passenger,rear_left,rear_right,unlock;schema_valid",
smoke_explicit,multi_turn_base_62,2,llmcompiler_explicit_dag,"After confirming the security of the vehicle, could you initiate the engine so I can check the fuel level?",h6 | h7,pressBrakePedal(pedalPosition=1.0) | startEngine(ignitionMode='START'),u1,1,1. startEngine(ignitionMode='STOP'),startEngine,,True,True,,wrong,,,,h7,"startEngine({""ignitionMode"": ""START""})",135,"exact_tool_name;parameter_overlap:ignitionMode;argument_overlap:ignitionmode,start;schema_valid",no_candidate_above_threshold
smoke_explicit,multi_turn_base_62,2,llmcompiler_explicit_dag,"After confirming the security of the vehicle, could you initiate the engine so I can check the fuel level?",h6 | h7,pressBrakePedal(pedalPosition=1.0) | startEngine(ignitionMode='START'),u2,2,2. startEngine(ignitionMode='START'),startEngine,,True,True,,exact,h7,"startEngine({""ignitionMode"": ""START""})",135,h7,"startEngine({""ignitionMode"": ""START""})",135,"exact_tool_name;parameter_overlap:ignitionMode;argument_overlap:ignitionmode,start;schema_valid",
smoke_explicit,multi_turn_base_62,3,llmcompiler_explicit_dag,"Also, at your earliest convenience, can you show me all the messages I have send so far?",h8,view_messages_sent(),u1,1,"1. send_message(receiver_id='USR002', message='The distance from Rivermist to Stonebrook is 750.0 km.')",send_message,,True,True,,wrong,,,,h8,view_messages_sent({}),5,schema_valid,no_candidate_above_threshold
smoke_explicit,multi_turn_base_67,0,llmcompiler_explicit_dag,Will you estimate the distance between San Francisco and Silverpine for me?,h1 | h2 | h3,"get_zipcode_based_on_city('San Francisco') | get_zipcode_based_on_city('Silverpine') | estimate_distance(cityA='94016', cityB='62947')",u1,1,"1. set_navigation(destination: ""San Francisco, CA, USA"")",set_navigation,,True,False,syntax_error: invalid syntax; missing_required: destination,wrong,,,,h1,"get_zipcode_based_on_city({""_arg0"": ""San Francisco""})",20,"argument_overlap:francisco,san;schema_invalid",no_candidate_above_threshold
smoke_explicit,multi_turn_base_67,0,llmcompiler_explicit_dag,Will you estimate the distance between San Francisco and Silverpine for me?,h1 | h2 | h3,"get_zipcode_based_on_city('San Francisco') | get_zipcode_based_on_city('Silverpine') | estimate_distance(cityA='94016', cityB='62947')",u2,2,"2. set_navigation(destination: ""Silverpine, CA, USA"")",set_navigation,,True,False,syntax_error: invalid syntax; missing_required: destination,wrong,,,,h2,"get_zipcode_based_on_city({""_arg0"": ""Silverpine""})",10,argument_overlap:silverpine;schema_invalid,no_candidate_above_threshold
smoke_explicit,multi_turn_base_67,1,llmcompiler_explicit_dag,I need that info to check if my vehicle can cover the distance without refueling.,h4,estimate_drive_feasibility_by_mileage(distance=780.0),u1,1,1. get_current_fuel_level(),get_current_fuel_level,,False,False,missing_tool_schema,wrong,,,,h4,"estimate_drive_feasibility_by_mileage({""distance"": 780.0})",10,argument_overlap:distance;schema_invalid,no_candidate_above_threshold
smoke_explicit,multi_turn_base_67,1,llmcompiler_explicit_dag,I need that info to check if my vehicle can cover the distance without refueling.,h4,estimate_drive_feasibility_by_mileage(distance=780.0),u2,2,2. calculate_fuel_needed(distance=780.0),calculate_fuel_needed,,False,False,missing_tool_schema,wrong,,,,h4,"estimate_drive_feasibility_by_mileage({""distance"": 780.0})",30,"parameter_overlap:distance;argument_overlap:780.0,distance;schema_invalid",no_candidate_above_threshold
smoke_explicit,multi_turn_base_67,1,llmcompiler_explicit_dag,I need that info to check if my vehicle can cover the distance without refueling.,h4,estimate_drive_feasibility_by_mileage(distance=780.0),u3,3,3. startEngine(ignitionMode='START'),startEngine,,True,True,,wrong,,,,h4,"estimate_drive_feasibility_by_mileage({""distance"": 780.0})",5,schema_valid,no_candidate_above_threshold
smoke_explicit,multi_turn_base_67,1,llmcompiler_explicit_dag,I need that info to check if my vehicle can cover the distance without refueling.,h4,estimate_drive_feasibility_by_mileage(distance=780.0),u4,4,4. startEngine(ignitionMode='STOP'),startEngine,,True,True,,wrong,,,,h4,"estimate_drive_feasibility_by_mileage({""distance"": 780.0})",5,schema_valid,no_candidate_above_threshold
smoke_explicit,multi_turn_base_67,2,llmcompiler_explicit_dag,"In case it can't, just fill out the fuel tank completely.",h5,fillFuelTank(fuelAmount=39.5),u1,1,1. get_fuel_level(),get_fuel_level,,False,False,missing_tool_schema,wrong,,,,h5,"fillFuelTank({""fuelAmount"": 39.5})",10,argument_overlap:fillfueltank;schema_invalid,no_candidate_above_threshold
smoke_explicit,multi_turn_base_67,2,llmcompiler_explicit_dag,"In case it can't, just fill out the fuel tank completely.",h5,fillFuelTank(fuelAmount=39.5),u2,2,2. fillFuelTank(fuelAmount=20.0),fillFuelTank,,True,True,,exact,h5,"fillFuelTank({""fuelAmount"": 39.5})",125,h5,"fillFuelTank({""fuelAmount"": 39.5})",125,exact_tool_name;parameter_overlap:fuelAmount;argument_overlap:fuelamount;schema_valid,
smoke_explicit,multi_turn_base_67,3,llmcompiler_explicit_dag,Turn on my vehicle's engine in 'START' mode.,h6 | h7 | h8,"lockDoors(unlock=False, door=['driver', 'passenger', 'rear_left', 'rear_right']) | pressBrakePedal(pedalPosition=1.0) | startEngine(ignitionMode='START')",u1,1,1. fillFuelTank(fuelAmount=39.5),fillFuelTank,,True,True,,wrong,,,,h8,"startEngine({""ignitionMode"": ""START""})",35,"argument_overlap:ignitionmode,start,startengine;schema_valid",no_candidate_above_threshold
smoke_explicit,multi_turn_base_67,3,llmcompiler_explicit_dag,Turn on my vehicle's engine in 'START' mode.,h6 | h7 | h8,"lockDoors(unlock=False, door=['driver', 'passenger', 'rear_left', 'rear_right']) | pressBrakePedal(pedalPosition=1.0) | startEngine(ignitionMode='START')",u2,2,2. startEngine(ignitionMode='START'),startEngine,,True,True,,exact,h8,"startEngine({""ignitionMode"": ""START""})",135,h8,"startEngine({""ignitionMode"": ""START""})",135,"exact_tool_name;parameter_overlap:ignitionMode;argument_overlap:ignitionmode,start;schema_valid",
smoke_explicit,multi_turn_base_70,0,llmcompiler_explicit_dag,"Ensure the fuel tank is replenished adequately by adding 38 liters of gasoline so that we're well-prepared for the lengthy voyage ahead. Only fill with interger amount for volumn; round when not integer. Once fueled, proceed to start the engine confidently with the ignition mode, and make certain that all doors are secure, and the parking brake is engaged as a safety measure.",h1 | h2 | h3 | h4 | h5 | h6,"liter_to_gallon(liter=38) | fillFuelTank(fuelAmount=10) | activateParkingBrake(mode='engage') | lockDoors(unlock=False, door=['driver', 'passenger', 'rear_left', 'rear_right']) | pressBrakePedal(pedalPosition=1.0) | startEngine(ignitionMode='START')",u1,1,"1. fillFuelTank(param={""fuelAmount"": 38})",fillFuelTank,,True,False,missing_required: fuelAmount; unknown_parameters: param,partial,h2,"fillFuelTank({""fuelAmount"": 10})",110,h2,"fillFuelTank({""fuelAmount"": 10})",110,exact_tool_name;argument_overlap:fuelamount;schema_invalid,
smoke_explicit,multi_turn_base_70,0,llmcompiler_explicit_dag,"Ensure the fuel tank is replenished adequately by adding 38 liters of gasoline so that we're well-prepared for the lengthy voyage ahead. Only fill with interger amount for volumn; round when not integer. Once fueled, proceed to start the engine confidently with the ignition mode, and make certain that all doors are secure, and the parking brake is engaged as a safety measure.",h1 | h2 | h3 | h4 | h5 | h6,"liter_to_gallon(liter=38) | fillFuelTank(fuelAmount=10) | activateParkingBrake(mode='engage') | lockDoors(unlock=False, door=['driver', 'passenger', 'rear_left', 'rear_right']) | pressBrakePedal(pedalPosition=1.0) | startEngine(ignitionMode='START')",u2,2,"2. lockDoors(param={""unlock"": True, ""door"": [""driver"", ""passenger"", ""rear_left"", ""rear_right""]})",lockDoors,,True,False,"missing_required: door, unlock; unknown_parameters: param",partial,h4,"lockDoors({""unlock"": false, ""door"": [""driver"", ""passenger"", ""rear_left"", ""rear_right""]})",150,h4,"lockDoors({""unlock"": false, ""door"": [""driver"", ""passenger"", ""rear_left"", ""rear_right""]})",150,"exact_tool_name;argument_overlap:door,driver,passenger,rear_left,rear_right,unlock;schema_invalid",
smoke_explicit,multi_turn_base_70,0,llmcompiler_explicit_dag,"Ensure the fuel tank is replenished adequately by adding 38 liters of gasoline so that we're well-prepared for the lengthy voyage ahead. Only fill with interger amount for volumn; round when not integer. Once fueled, proceed to start the engine confidently with the ignition mode, and make certain that all doors are secure, and the parking brake is engaged as a safety measure.",h1 | h2 | h3 | h4 | h5 | h6,"liter_to_gallon(liter=38) | fillFuelTank(fuelAmount=10) | activateParkingBrake(mode='engage') | lockDoors(unlock=False, door=['driver', 'passenger', 'rear_left', 'rear_right']) | pressBrakePedal(pedalPosition=1.0) | startEngine(ignitionMode='START')",u3,3,"3. startEngine(param={""ignitionMode"": ""START""})",startEngine,,True,False,missing_required: ignitionMode; unknown_parameters: param,partial,h6,"startEngine({""ignitionMode"": ""START""})",120,h6,"startEngine({""ignitionMode"": ""START""})",120,"exact_tool_name;argument_overlap:ignitionmode,start;schema_invalid",
smoke_explicit,multi_turn_base_70,1,llmcompiler_explicit_dag,"As we gear up for our adventure, it’s wise to confirm that each tire is inflated to a stable 32 PSI. Should any of the tires fall short, chart a course to the nearest tire service center to have this rectified.",h7 | h8 | h9,"check_tire_pressure() | find_nearest_tire_shop() | set_navigation(destination='456 Oakwood Avenue, Rivermist, 83214')",u1,1,1. pressBrakePedal(pedalPosition=1.0),pressBrakePedal,,True,True,,wrong,,,,h7,check_tire_pressure({}),5,schema_valid,no_candidate_above_threshold
smoke_explicit,multi_turn_base_70,1,llmcompiler_explicit_dag,"As we gear up for our adventure, it’s wise to confirm that each tire is inflated to a stable 32 PSI. Should any of the tires fall short, chart a course to the nearest tire service center to have this rectified.",h7 | h8 | h9,"check_tire_pressure() | find_nearest_tire_shop() | set_navigation(destination='456 Oakwood Avenue, Rivermist, 83214')",u2,2,2. releaseBrakePedal(),releaseBrakePedal,,True,True,,wrong,,,,h7,check_tire_pressure({}),5,schema_valid,no_candidate_above_threshold
smoke_explicit,multi_turn_base_71,0,llmcompiler_explicit_dag,"Using my vehicle's system, estimate the distance between Rivermist and Stonebrook.",h1 | h2 | h3,"get_zipcode_based_on_city('Rivermist') | get_zipcode_based_on_city('Stonebrook') | estimate_distance(cityA='83214', cityB='74532')",u1,1,"1. get_zipcode_based_on_city(arg={""city"": ""Rivermist""})",get_zipcode_based_on_city,,True,False,missing_required: city; unknown_parameters: arg,partial,h2,"get_zipcode_based_on_city({""_arg0"": ""Stonebrook""})",120,h1,"get_zipcode_based_on_city({""_arg0"": ""Rivermist""})",120,"exact_tool_name;argument_overlap:get_zipcode_based_on_city,rivermist;schema_invalid",
smoke_explicit,multi_turn_base_71,0,llmcompiler_explicit_dag,"Using my vehicle's system, estimate the distance between Rivermist and Stonebrook.",h1 | h2 | h3,"get_zipcode_based_on_city('Rivermist') | get_zipcode_based_on_city('Stonebrook') | estimate_distance(cityA='83214', cityB='74532')",u2,2,"2. get_zipcode_based_on_city(arg={""city"": ""Stonebrook""})",get_zipcode_based_on_city,,True,False,missing_required: city; unknown_parameters: arg,partial,h1,"get_zipcode_based_on_city({""_arg0"": ""Rivermist""})",100,h2,"get_zipcode_based_on_city({""_arg0"": ""Stonebrook""})",110,exact_tool_name;argument_overlap:stonebrook;schema_invalid,
smoke_explicit,multi_turn_base_71,1,llmcompiler_explicit_dag,"Assess if my vehicle's current mileage will suffice for the distance calculated. You don't need to re-fill, I just want to know.",h4,estimate_drive_feasibility_by_mileage(distance=750.0),u1,1,1. get_zipcode_based_on_city('Rivermist'),get_zipcode_based_on_city,,True,False,positional_args_not_schema_checked; missing_required: city,wrong,,,,h4,"estimate_drive_feasibility_by_mileage({""distance"": 750.0})",10,argument_overlap:distance;schema_invalid,no_candidate_above_threshold
smoke_explicit,multi_turn_base_71,1,llmcompiler_explicit_dag,"Assess if my vehicle's current mileage will suffice for the distance calculated. You don't need to re-fill, I just want to know.",h4,estimate_drive_feasibility_by_mileage(distance=750.0),u2,2,2. get_zipcode_based_on_city('Stonebrook'),get_zipcode_based_on_city,,True,False,positional_args_not_schema_checked; missing_required: city,wrong,,,,h4,"estimate_drive_feasibility_by_mileage({""distance"": 750.0})",0,schema_invalid,no_candidate_above_threshold
smoke_explicit,multi_turn_base_71,1,llmcompiler_explicit_dag,"Assess if my vehicle's current mileage will suffice for the distance calculated. You don't need to re-fill, I just want to know.",h4,estimate_drive_feasibility_by_mileage(distance=750.0),u3,3,"3. estimate_distance(cityA='83214', cityB='74532')",estimate_distance,,True,True,,wrong,,,,h4,"estimate_drive_feasibility_by_mileage({""distance"": 750.0})",5,schema_valid,no_candidate_above_threshold
smoke_explicit,multi_turn_base_71,2,llmcompiler_explicit_dag,Fill the fuel tank to completely full.,h5,fillFuelTank(fuelAmount=45.0),u1,1,1. get_fuel_level(),get_fuel_level,,False,False,missing_tool_schema,wrong,,,,h5,"fillFuelTank({""fuelAmount"": 45.0})",0,schema_invalid,no_candidate_above_threshold
smoke_explicit,multi_turn_base_71,2,llmcompiler_explicit_dag,Fill the fuel tank to completely full.,h5,fillFuelTank(fuelAmount=45.0),u2,2,2. fillFuelTank(fuelAmount=50.0),fillFuelTank,,True,True,,exact,h5,"fillFuelTank({""fuelAmount"": 45.0})",125,h5,"fillFuelTank({""fuelAmount"": 45.0})",125,exact_tool_name;parameter_overlap:fuelAmount;argument_overlap:fuelamount;schema_valid,
smoke_explicit,multi_turn_base_71,3,llmcompiler_explicit_dag,"With the vehicle secured, start the engine for our prepared journey.",h6 | h7 | h8,"lockDoors(unlock=False, door=['driver', 'passenger', 'rear_left', 'rear_right']) | pressBrakePedal(pedalPosition=1.0) | startEngine(ignitionMode='START')",u1,1,1. fillFuelTank(fuelAmount=45.0),fillFuelTank,,True,True,,wrong,,,,h8,"startEngine({""ignitionMode"": ""START""})",15,argument_overlap:start;schema_valid,no_candidate_above_threshold
smoke_explicit,multi_turn_base_71,3,llmcompiler_explicit_dag,"With the vehicle secured, start the engine for our prepared journey.",h6 | h7 | h8,"lockDoors(unlock=False, door=['driver', 'passenger', 'rear_left', 'rear_right']) | pressBrakePedal(pedalPosition=1.0) | startEngine(ignitionMode='START')",u2,2,"2. startEngine(ignitionMode=""START"")",startEngine,,True,True,,exact,h8,"startEngine({""ignitionMode"": ""START""})",135,h8,"startEngine({""ignitionMode"": ""START""})",135,"exact_tool_name;parameter_overlap:ignitionMode;argument_overlap:ignitionmode,start;schema_valid",
smoke_explicit,multi_turn_base_71,4,llmcompiler_explicit_dag,"Set navigation directly to Crescent Hollow, Spring, TX for a smooth ride without detours.",h9,"set_navigation(destination='Crescent Hollow, Spring, TX')",u1,1,"1. set_navigation(destination='Crescent Hollow, Spring, TX')",set_navigation,,True,True,,exact,h9,"set_navigation({""destination"": ""Crescent Hollow, Spring, TX""})",165,h9,"set_navigation({""destination"": ""Crescent Hollow, Spring, TX""})",165,"exact_tool_name;parameter_overlap:destination;argument_overlap:crescent,crescent hollow, spring, tx,destination,hollow,set_navigation,spring,tx;schema_valid",
smoke_explicit,multi_turn_base_71,4,llmcompiler_explicit_dag,"Set navigation directly to Crescent Hollow, Spring, TX for a smooth ride without detours.",h9,"set_navigation(destination='Crescent Hollow, Spring, TX')",u2,2,2. setHeadlights(mode='on'),setHeadlights,,True,True,,wrong,,,,h9,"set_navigation({""destination"": ""Crescent Hollow, Spring, TX""})",5,schema_valid,no_candidate_above_threshold
smoke_explicit,multi_turn_base_86,0,llmcompiler_explicit_dag,"Lock all doors and engage the parking brake, then start the vehicle's engine in preparation for a trip. Afterward, check if our tire pressure condition is safe to proceed.",h1 | h2 | h3 | h4 | h5,"lockDoors(unlock=False, door=['driver', 'passenger', 'rear_left', 'rear_right']) | activateParkingBrake(mode='engage') | pressBrakePedal(pedalPosition=1.0) | startEngine(ignitionMode='START') | check_tire_pressure()",u1,1,"1. lockDoors(param={""unlock"": True, ""door"": [""driver"", ""passenger"", ""rear_left"", ""rear_right""]})",lockDoors,,True,False,"missing_required: door, unlock; unknown_parameters: param",wrong,,,,h1,"lockDoors({""unlock"": false, ""door"": [""driver"", ""passenger"", ""rear_left"", ""rear_right""]})",150,"exact_tool_name;argument_overlap:door,driver,passenger,rear_left,rear_right,unlock;schema_invalid",no_candidate_above_threshold
smoke_explicit,multi_turn_base_86,0,llmcompiler_explicit_dag,"Lock all doors and engage the parking brake, then start the vehicle's engine in preparation for a trip. Afterward, check if our tire pressure condition is safe to proceed.",h1 | h2 | h3 | h4 | h5,"lockDoors(unlock=False, door=['driver', 'passenger', 'rear_left', 'rear_right']) | activateParkingBrake(mode='engage') | pressBrakePedal(pedalPosition=1.0) | startEngine(ignitionMode='START') | check_tire_pressure()",u2,2,"2. lockDoors(param={""unlock"": True, ""door"": [""driver"", ""passenger"", ""rear_left"", ""rear_right""]})",lockDoors,,True,False,"missing_required: door, unlock; unknown_parameters: param",partial,h1,"lockDoors({""unlock"": false, ""door"": [""driver"", ""passenger"", ""rear_left"", ""rear_right""]})",150,h1,"lockDoors({""unlock"": false, ""door"": [""driver"", ""passenger"", ""rear_left"", ""rear_right""]})",150,"exact_tool_name;argument_overlap:door,driver,passenger,rear_left,rear_right,unlock;schema_invalid",
smoke_explicit,multi_turn_base_86,0,llmcompiler_explicit_dag,"Lock all doors and engage the parking brake, then start the vehicle's engine in preparation for a trip. Afterward, check if our tire pressure condition is safe to proceed.",h1 | h2 | h3 | h4 | h5,"lockDoors(unlock=False, door=['driver', 'passenger', 'rear_left', 'rear_right']) | activateParkingBrake(mode='engage') | pressBrakePedal(pedalPosition=1.0) | startEngine(ignitionMode='START') | check_tire_pressure()",u3,3,"3. startEngine(param={""ignitionMode"": ""START""})",startEngine,,True,False,missing_required: ignitionMode; unknown_parameters: param,partial,h4,"startEngine({""ignitionMode"": ""START""})",120,h4,"startEngine({""ignitionMode"": ""START""})",120,"exact_tool_name;argument_overlap:ignitionmode,start;schema_invalid",
smoke_explicit,multi_turn_base_86,1,llmcompiler_explicit_dag,"The tire pressure seems worrying, kindly find the nearest tire shop to address the issue and set our navigation to that location.",h6 | h7,"find_nearest_tire_shop() | set_navigation(destination='456 Oakwood Avenue, Rivermist, 83214')",u1,1,1. find_nearest_tire_shop(),find_nearest_tire_shop,,True,True,,exact,h6,find_nearest_tire_shop({}),115,h6,find_nearest_tire_shop({}),115,exact_tool_name;argument_overlap:find_nearest_tire_shop;schema_valid,
smoke_explicit,multi_turn_base_86,1,llmcompiler_explicit_dag,"The tire pressure seems worrying, kindly find the nearest tire shop to address the issue and set our navigation to that location.",h6 | h7,"find_nearest_tire_shop() | set_navigation(destination='456 Oakwood Avenue, Rivermist, 83214')",u2,2,"2. set_navigation(destination=""nearest tire shop"")",set_navigation,,True,True,,exact,h7,"set_navigation({""destination"": ""456 Oakwood Avenue, Rivermist, 83214""})",125,h7,"set_navigation({""destination"": ""456 Oakwood Avenue, Rivermist, 83214""})",125,exact_tool_name;parameter_overlap:destination;argument_overlap:destination;schema_valid,
smoke_explicit,multi_turn_base_86,2,llmcompiler_explicit_dag,"I have the tire issue fixed. Thinking aloud, since it's been a successful start to this journey, I'd like to send a thank you tweet 'Thank you to our vehicle for a smooth start!' about our vehicle with a few hashtags '#Journey, #SmoothRide, #Grateful' added.",h8,"post_tweet(content='Thank you to our vehicle for a smooth start!', tags=['#Journey', '#SmoothRide', '#Grateful'])",u1,1,"1. send_tweet(content='Thank you to our vehicle for a smooth start!', hashtags='#Journey, #SmoothRide, #Grateful')",send_tweet,,False,False,missing_tool_schema,wrong,,,,h8,"post_tweet({""content"": ""Thank you to our vehicle for a smooth start!"", ""tags"": [""#Journey"", ""#SmoothRide"", ""#Grateful""]})",60,"parameter_overlap:content;argument_overlap:content,grateful,journey,our,smooth,smoothride,start,thank;schema_invalid",no_candidate_above_threshold
smoke_explicit,multi_turn_base_87,0,llmcompiler_explicit_dag,"As I gear up for another delightful journey exploring the captivating waterways, I'm looking to convert 60 gallons of fuel into liters. Could you assist me with that conversion? I tend to work more comfortably with liters.",h1,gallon_to_liter(gallon=60.0),u1,1,1. gallon_to_liter(gallon=60),gallon_to_liter,,True,True,,exact,h1,"gallon_to_liter({""gallon"": 60.0})",135,h1,"gallon_to_liter({""gallon"": 60.0})",135,"exact_tool_name;parameter_overlap:gallon;argument_overlap:gallon,gallon_to_liter;schema_valid",
smoke_explicit,multi_turn_base_87,0,llmcompiler_explicit_dag,"As I gear up for another delightful journey exploring the captivating waterways, I'm looking to convert 60 gallons of fuel into liters. Could you assist me with that conversion? I tend to work more comfortably with liters.",h1,gallon_to_liter(gallon=60.0),u2,2,2. liter_to_gallon(liter=$1.liter),liter_to_gallon,1,True,True,,wrong,,,,h1,"gallon_to_liter({""gallon"": 60.0})",5,schema_valid;unresolved_input,no_candidate_above_threshold
smoke_explicit,multi_turn_base_87,1,llmcompiler_explicit_dag,"Thank goodness! With the conversion sorted, I'd appreciate your help in ensuring that my vehicle's tank is topped up with 20 gallons of gasoline.",h2,fillFuelTank(fuelAmount=20.0),u1,1,1. gallon_to_liter(gallon=60.0),gallon_to_liter,,True,True,,wrong,,,,h2,"fillFuelTank({""fuelAmount"": 20.0})",35,"argument_overlap:20.0,fillfueltank,fuelamount;schema_valid",no_candidate_above_threshold
smoke_explicit,multi_turn_base_87,1,llmcompiler_explicit_dag,"Thank goodness! With the conversion sorted, I'd appreciate your help in ensuring that my vehicle's tank is topped up with 20 gallons of gasoline.",h2,fillFuelTank(fuelAmount=20.0),u2,2,2. fillFuelTank(fuelAmount=20.0),fillFuelTank,,True,True,,exact,h2,"fillFuelTank({""fuelAmount"": 20.0})",135,h2,"fillFuelTank({""fuelAmount"": 20.0})",135,"exact_tool_name;parameter_overlap:fuelAmount;argument_overlap:20.0,fuelamount;schema_valid",
smoke_explicit,multi_turn_base_87,2,llmcompiler_explicit_dag,"Now, with the tank filled to my liking, I need to make sure my ride is prepared for this adventure. Could you help me start the engine, lock the doors, and engage the parking brake for a safe start?",h3 | h4 | h5 | h6,"activateParkingBrake(mode='engage') | lockDoors(unlock=False, door=['driver', 'passenger', 'rear_left', 'rear_right']) | pressBrakePedal(pedalPosition=1.0) | startEngine(ignitionMode='START')",u1,1,"1. lockDoors(param={""unlock"": True, ""door"": [""driver"", ""passenger"", ""rear_left"", ""rear_right""]})",lockDoors,,True,False,"missing_required: door, unlock; unknown_parameters: param",partial,h4,"lockDoors({""unlock"": false, ""door"": [""driver"", ""passenger"", ""rear_left"", ""rear_right""]})",150,h4,"lockDoors({""unlock"": false, ""door"": [""driver"", ""passenger"", ""rear_left"", ""rear_right""]})",150,"exact_tool_name;argument_overlap:door,driver,passenger,rear_left,rear_right,unlock;schema_invalid",
smoke_explicit,multi_turn_base_87,2,llmcompiler_explicit_dag,"Now, with the tank filled to my liking, I need to make sure my ride is prepared for this adventure. Could you help me start the engine, lock the doors, and engage the parking brake for a safe start?",h3 | h4 | h5 | h6,"activateParkingBrake(mode='engage') | lockDoors(unlock=False, door=['driver', 'passenger', 'rear_left', 'rear_right']) | pressBrakePedal(pedalPosition=1.0) | startEngine(ignitionMode='START')",u2,2,"2. startEngine(param={""ignitionMode"": ""START""})",startEngine,,True,False,missing_required: ignitionMode; unknown_parameters: param,partial,h6,"startEngine({""ignitionMode"": ""START""})",120,h6,"startEngine({""ignitionMode"": ""START""})",120,"exact_tool_name;argument_overlap:ignitionmode,start;schema_invalid",
smoke_explicit,multi_turn_base_87,2,llmcompiler_explicit_dag,"Now, with the tank filled to my liking, I need to make sure my ride is prepared for this adventure. Could you help me start the engine, lock the doors, and engage the parking brake for a safe start?",h3 | h4 | h5 | h6,"activateParkingBrake(mode='engage') | lockDoors(unlock=False, door=['driver', 'passenger', 'rear_left', 'rear_right']) | pressBrakePedal(pedalPosition=1.0) | startEngine(ignitionMode='START')",u3,3,"3. setHeadlights(param={""mode"": ""on""})",setHeadlights,,True,False,missing_required: mode; unknown_parameters: param,wrong,,,,h3,"activateParkingBrake({""mode"": ""engage""})",10,argument_overlap:mode;schema_invalid,no_candidate_above_threshold
smoke_explicit,multi_turn_base_87,3,llmcompiler_explicit_dag,"Before setting off on this little expedition, can you do a quick tire pressure check for me? If any of the pressures fall below 33, kindly point me towards the nearest tire shop to get everything in tip-top shape before we roll.",h7 | h8,check_tire_pressure() | find_nearest_tire_shop(),u1,1,1. check_tire_pressure(),check_tire_pressure,,True,True,,partial,h7,check_tire_pressure({}),105,h7,check_tire_pressure({}),105,exact_tool_name;schema_valid,
smoke_explicit,multi_turn_base_87,3,llmcompiler_explicit_dag,"Before setting off on this little expedition, can you do a quick tire pressure check for me? If any of the pressures fall below 33, kindly point me towards the nearest tire shop to get everything in tip-top shape before we roll.",h7 | h8,check_tire_pressure() | find_nearest_tire_shop(),u2,2,2. find_nearest_tire_shop(),find_nearest_tire_shop,,True,True,,partial,h8,find_nearest_tire_shop({}),105,h8,find_nearest_tire_shop({}),105,exact_tool_name;schema_valid,
smoke_explicit,multi_turn_base_88,0,llmcompiler_explicit_dag,"Hey, I've just filled my car up with 13.2 gallons of fuel. How much is that in liters?",h1,gallon_to_liter(gallon=13.2),u1,1,1. gallon_to_liter(gallon=13.2),gallon_to_liter,,True,True,,exact,h1,"gallon_to_liter({""gallon"": 13.2})",145,h1,"gallon_to_liter({""gallon"": 13.2})",145,"exact_tool_name;parameter_overlap:gallon;argument_overlap:13.2,gallon,gallon_to_liter;schema_valid",
smoke_explicit,multi_turn_base_88,0,llmcompiler_explicit_dag,"Hey, I've just filled my car up with 13.2 gallons of fuel. How much is that in liters?",h1,gallon_to_liter(gallon=13.2),u2,2,2. liter_to_gallon(liter=$1.liter),liter_to_gallon,1,True,True,,wrong,,,,h1,"gallon_to_liter({""gallon"": 13.2})",5,schema_valid;unresolved_input,no_candidate_above_threshold
smoke_explicit,multi_turn_base_88,1,llmcompiler_explicit_dag,"Once you've converted it to liters, please guide me in filling the tank to the max limit. After that's sorted, I need to ensure that all the doors are securely locked and the parking brake is firmly set.",h2 | h3 | h4,"fillFuelTank(fuelAmount=36.8) | lockDoors(unlock=False, door=['driver', 'passenger', 'rear_left', 'rear_right']) | activateParkingBrake(mode='engage')",u1,1,"1. fillFuelTank(param={""fuelAmount"": 49.967411999999996})",fillFuelTank,,True,False,missing_required: fuelAmount; unknown_parameters: param,partial,h2,"fillFuelTank({""fuelAmount"": 36.8})",110,h2,"fillFuelTank({""fuelAmount"": 36.8})",110,exact_tool_name;argument_overlap:fuelamount;schema_invalid,
smoke_explicit,multi_turn_base_88,1,llmcompiler_explicit_dag,"Once you've converted it to liters, please guide me in filling the tank to the max limit. After that's sorted, I need to ensure that all the doors are securely locked and the parking brake is firmly set.",h2 | h3 | h4,"fillFuelTank(fuelAmount=36.8) | lockDoors(unlock=False, door=['driver', 'passenger', 'rear_left', 'rear_right']) | activateParkingBrake(mode='engage')",u2,2,"2. startEngine(param={""ignitionMode"": ""START""})",startEngine,,True,False,missing_required: ignitionMode; unknown_parameters: param,wrong,,,,h2,"fillFuelTank({""fuelAmount"": 36.8})",0,schema_invalid,no_candidate_above_threshold
smoke_explicit,multi_turn_base_88,1,llmcompiler_explicit_dag,"Once you've converted it to liters, please guide me in filling the tank to the max limit. After that's sorted, I need to ensure that all the doors are securely locked and the parking brake is firmly set.",h2 | h3 | h4,"fillFuelTank(fuelAmount=36.8) | lockDoors(unlock=False, door=['driver', 'passenger', 'rear_left', 'rear_right']) | activateParkingBrake(mode='engage')",u3,3,"3. lockDoors(param={""unlock"": True, ""door"": ""all""})",lockDoors,,True,False,"missing_required: door, unlock; unknown_parameters: param",partial,h3,"lockDoors({""unlock"": false, ""door"": [""driver"", ""passenger"", ""rear_left"", ""rear_right""]})",120,h3,"lockDoors({""unlock"": false, ""door"": [""driver"", ""passenger"", ""rear_left"", ""rear_right""]})",120,"exact_tool_name;argument_overlap:door,unlock;schema_invalid",
smoke_explicit,multi_turn_base_88,1,llmcompiler_explicit_dag,"Once you've converted it to liters, please guide me in filling the tank to the max limit. After that's sorted, I need to ensure that all the doors are securely locked and the parking brake is firmly set.",h2 | h3 | h4,"fillFuelTank(fuelAmount=36.8) | lockDoors(unlock=False, door=['driver', 'passenger', 'rear_left', 'rear_right']) | activateParkingBrake(mode='engage')",u4,4,"4. setHeadlights(param={""mode"": ""on""})",setHeadlights,,True,False,missing_required: mode; unknown_parameters: param,wrong,,,,h4,"activateParkingBrake({""mode"": ""engage""})",10,argument_overlap:mode;schema_invalid,no_candidate_above_threshold
smoke_explicit,multi_turn_base_88,2,llmcompiler_explicit_dag,"With the car prepped, I need to gear up for a drive from San Francisco to Rivermist. I'll be checking the fuel level once the engine is on in 'START' mode. Then, help me post a tweet, 'Embarking on an exciting road trip from SF to Rivermist!' and please throw in hashtags #RoadTrip #Adventure #Exploring.",h5 | h6 | h7,"pressBrakePedal(pedalPosition=1.0) | startEngine(ignitionMode='START') | post_tweet(content='Embarking on an exciting road trip from SF to Rivermist!', tags=['#RoadTrip', '#Adventure', '#Exploring'])",u1,1,"1. setHeadlights(mode=""on"")",setHeadlights,,True,True,,wrong,,,,h6,"startEngine({""ignitionMode"": ""START""})",15,argument_overlap:start;schema_valid,no_candidate_above_threshold
smoke_explicit,multi_turn_base_88,2,llmcompiler_explicit_dag,"With the car prepped, I need to gear up for a drive from San Francisco to Rivermist. I'll be checking the fuel level once the engine is on in 'START' mode. Then, help me post a tweet, 'Embarking on an exciting road trip from SF to Rivermist!' and please throw in hashtags #RoadTrip #Adventure #Exploring.",h5 | h6 | h7,"pressBrakePedal(pedalPosition=1.0) | startEngine(ignitionMode='START') | post_tweet(content='Embarking on an exciting road trip from SF to Rivermist!', tags=['#RoadTrip', '#Adventure', '#Exploring'])",u2,2,"2. startEngine(ignitionMode=""START"")",startEngine,,True,True,,exact,h6,"startEngine({""ignitionMode"": ""START""})",135,h6,"startEngine({""ignitionMode"": ""START""})",135,"exact_tool_name;parameter_overlap:ignitionMode;argument_overlap:ignitionmode,start;schema_valid",
smoke_explicit,multi_turn_base_91,0,llmcompiler_explicit_dag,"Hi, I am Kelly. I'm sweating. What's the temp outside right now? Would you be able to update Michael on today's outdoor temperature with message 'It is hot outside.'? He should know whether to bundle up or dress down for the weather.",h1 | h2,"get_outside_temperature_from_google() | send_message(receiver_id='USR006', message='It is hot outside.')",u1,1,1. get_outside_temperature_from_google(),get_outside_temperature_from_google,,True,True,,partial,h1,get_outside_temperature_from_google({}),105,h1,get_outside_temperature_from_google({}),105,exact_tool_name;schema_valid,
smoke_explicit,multi_turn_base_91,1,llmcompiler_explicit_dag,Let's review all the messages I have send so far.,h3,view_messages_sent(),u1,1,1. get_user_messages(user_id='USR006'),get_user_messages,,False,False,missing_tool_schema,wrong,,,,h3,view_messages_sent({}),0,schema_invalid,no_candidate_above_threshold
smoke_explicit,multi_turn_base_97,0,llmcompiler_explicit_dag,"I've heard a friend of mine in Rivermist recently visited Stonebrook, and she mentioned the journey felt quite extensive. I'm curious, do you happen to have an idea about the actual distance between the two places?",h1 | h2 | h3,"get_zipcode_based_on_city(city='Rivermist') | get_zipcode_based_on_city(city='Stonebrook') | estimate_distance(cityA='83214', cityB='74532')",u1,1,"1. estimate_distance(arg={""city1"": ""Rivermist"", ""city2"": ""Stonebrook""})",estimate_distance,,True,False,"missing_required: cityA, cityB; unknown_parameters: arg",partial,h3,"estimate_distance({""cityA"": ""83214"", ""cityB"": ""74532""})",110,h3,"estimate_distance({""cityA"": ""83214"", ""cityB"": ""74532""})",110,exact_tool_name;argument_overlap:estimate_distance;schema_invalid,
smoke_explicit,multi_turn_base_97,1,llmcompiler_explicit_dag,Covering the distance from Rivermist to Stonebrook sure seems like a long trip. I'm a bit worried if my vehicle can endure the journey with the current fuel level. I'm not entirely sure how far my car can travel on the remaining fuel. What do you think?,h4,estimate_drive_feasibility_by_mileage(distance=750.0),u1,1,1. startEngine(ignitionMode='START'),startEngine,,True,True,,wrong,,,,h4,"estimate_drive_feasibility_by_mileage({""distance"": 750.0})",15,argument_overlap:distance;schema_valid,no_candidate_above_threshold
smoke_explicit,multi_turn_base_97,1,llmcompiler_explicit_dag,Covering the distance from Rivermist to Stonebrook sure seems like a long trip. I'm a bit worried if my vehicle can endure the journey with the current fuel level. I'm not entirely sure how far my car can travel on the remaining fuel. What do you think?,h4,estimate_drive_feasibility_by_mileage(distance=750.0),u2,2,2. startEngine(ignitionMode='STOP'),startEngine,,True,True,,wrong,,,,h4,"estimate_drive_feasibility_by_mileage({""distance"": 750.0})",5,schema_valid,no_candidate_above_threshold
smoke_explicit,multi_turn_base_97,2,llmcompiler_explicit_dag,"Thanks a lot! Before I embark on this journey, it makes sense to ensure I won't be left stranded due to an empty tank. Just add to the tank fully.",h5,fillFuelTank(fuelAmount=45.0),u1,1,1. startEngine(ignitionMode='START'),startEngine,,True,True,,wrong,,,,h5,"fillFuelTank({""fuelAmount"": 45.0})",5,schema_valid,no_candidate_above_threshold
smoke_explicit,multi_turn_base_97,2,llmcompiler_explicit_dag,"Thanks a lot! Before I embark on this journey, it makes sense to ensure I won't be left stranded due to an empty tank. Just add to the tank fully.",h5,fillFuelTank(fuelAmount=45.0),u2,2,2. setHeadlights(mode='on'),setHeadlights,,True,True,,wrong,,,,h5,"fillFuelTank({""fuelAmount"": 45.0})",5,schema_valid,no_candidate_above_threshold
smoke_explicit,multi_turn_base_97,3,llmcompiler_explicit_dag,"Great, with my tank now full, let's embark on this journey. Once I'm set to go, I'd appreciate it if you could start the car for me.",h6 | h7 | h8,"lockDoors(unlock=False, door=['driver', 'passenger', 'rear_left', 'rear_right']) | pressBrakePedal(pedalPosition=1.0) | startEngine(ignitionMode='START')",u1,1,1. setHeadlights(mode='on'),setHeadlights,,True,True,,wrong,,,,h8,"startEngine({""ignitionMode"": ""START""})",15,argument_overlap:start;schema_valid,no_candidate_above_threshold
smoke_explicit,multi_turn_base_97,3,llmcompiler_explicit_dag,"Great, with my tank now full, let's embark on this journey. Once I'm set to go, I'd appreciate it if you could start the car for me.",h6 | h7 | h8,"lockDoors(unlock=False, door=['driver', 'passenger', 'rear_left', 'rear_right']) | pressBrakePedal(pedalPosition=1.0) | startEngine(ignitionMode='START')",u2,2,2. startEngine(ignitionMode='START'),startEngine,,True,True,,exact,h8,"startEngine({""ignitionMode"": ""START""})",135,h8,"startEngine({""ignitionMode"": ""START""})",135,"exact_tool_name;parameter_overlap:ignitionMode;argument_overlap:ignitionmode,start;schema_valid",
smoke_explicit,multi_turn_base_97,4,llmcompiler_explicit_dag,"By the way, as I travel, there are some updates I need to communicate to my friend Michael. Would you be able to send message 'I am on my way.'?",h9,"send_message(receiver_id='BD732D1888B94DAA', message='I am on my way.')",u1,1,1. setHeadlights(mode='off'),setHeadlights,,True,True,,wrong,,,,h9,"send_message({""receiver_id"": ""BD732D1888B94DAA"", ""message"": ""I am on my way.""})",15,argument_overlap:message;schema_valid,no_candidate_above_threshold
smoke_explicit,multi_turn_base_97,4,llmcompiler_explicit_dag,"By the way, as I travel, there are some updates I need to communicate to my friend Michael. Would you be able to send message 'I am on my way.'?",h9,"send_message(receiver_id='BD732D1888B94DAA', message='I am on my way.')",u2,2,2. setHeadlights(mode='on'),setHeadlights,,True,True,,wrong,,,,h9,"send_message({""receiver_id"": ""BD732D1888B94DAA"", ""message"": ""I am on my way.""})",5,schema_valid,no_candidate_above_threshold
smoke_explicit,multi_turn_base_97,5,llmcompiler_explicit_dag,"Lastly, while I'm on the road, I want to make sure I have informed everyone that should be aware. Could you display what messages I've send thus far?",h10,view_messages_sent(),u1,1,"1. display_messages(receiver_id='BD732D1888B94DAA', message='I am on my way.')",display_messages,,False,False,missing_tool_schema,wrong,,,,h10,view_messages_sent({}),0,schema_invalid,no_candidate_above_threshold
smoke_explicit,multi_turn_base_143,0,llmcompiler_explicit_dag,I have recently come across Zeta Corp and I'm intrigued by their operations. Kindly include their stock in my watchlist so that I can monitor it.,h1,add_to_watchlist(stock='ZETA'),u1,1,"1. add_to_watchlist(arg={""symbol"": ""ZETA""})",add_to_watchlist,,True,False,missing_required: stock; unknown_parameters: arg,partial,h1,"add_to_watchlist({""stock"": ""ZETA""})",130,h1,"add_to_watchlist({""stock"": ""ZETA""})",130,"exact_tool_name;argument_overlap:add_to_watchlist,stock,zeta;schema_invalid",
smoke_explicit,multi_turn_base_143,1,llmcompiler_explicit_dag,I've been following a few orders and aim to review the specifics of one with a substantial order value I remember initiating. Let's retrieve the details.,h2,get_order_details(order_id=12446),u1,1,1. get_order_details(order_id=12345),get_order_details,,True,True,,exact,h2,"get_order_details({""order_id"": 12446})",135,h2,"get_order_details({""order_id"": 12446})",135,"exact_tool_name;parameter_overlap:order_id;argument_overlap:get_order_details,order_id;schema_valid",
smoke_explicit,multi_turn_base_143,2,llmcompiler_explicit_dag,"With the recent market movements, my strategies are up for reevaluation. Proceed by cancelling the specific order we've just reviewed, given the uncertainties surrounding its outcome.",h3,cancel_order(order_id=12446),u1,1,1. cancel_order(order_id=12446),cancel_order,,True,True,,exact,h3,"cancel_order({""order_id"": 12446})",135,h3,"cancel_order({""order_id"": 12446})",135,"exact_tool_name;parameter_overlap:order_id;argument_overlap:12446,order_id;schema_valid",
smoke_explicit,multi_turn_base_143,3,llmcompiler_explicit_dag,"I require some confidence about my current financial positioning. Share a detailed overview of my account, including balances and any associated card numbers. Furthermore, logging in as USR001 to notify my financial advisor (user id 'USR003') promptly about this potential shift in my investment strategy with our latest account details. The message should be like 'My strategy is shifting due to recent market movements and the cancellation of a specific order. Current balance in my account is $...",h4 | h5 | h6,"message_login(user_id='USR001') | get_account_info() | send_message(receiver_id='USR003',message='My strategy is shifting due to recent market movements and the cancellation of a specific order. Current balance in my account is $10000.')",u1,1,1. get_account_details(username='USR001'),get_account_details,,False,False,missing_tool_schema,wrong,,,,h6,"send_message({""receiver_id"": ""USR003"", ""message"": ""My strategy is shifting due to recent market movements and the cancellation of a specific order. Current balance in my account is $10000.""})",30,"argument_overlap:account,strategy,usr003;schema_invalid",no_candidate_above_threshold
smoke_explicit,multi_turn_base_143,3,llmcompiler_explicit_dag,"I require some confidence about my current financial positioning. Share a detailed overview of my account, including balances and any associated card numbers. Furthermore, logging in as USR001 to notify my financial advisor (user id 'USR003') promptly about this potential shift in my investment strategy with our latest account details. The message should be like 'My strategy is shifting due to recent market movements and the cancellation of a specific order. Current balance in my account is $...",h4 | h5 | h6,"message_login(user_id='USR001') | get_account_info() | send_message(receiver_id='USR003',message='My strategy is shifting due to recent market movements and the cancellation of a specific order. Current balance in my account is $10000.')",u2,2,"2. notify_advisor(user_id='USR003', message=""My strategy is shifting due to recent market movements and the cancellation of a specific order. Current balance in my account is $10000."")",notify_advisor,10000,False,False,missing_tool_schema,wrong,,,,h6,"send_message({""receiver_id"": ""USR003"", ""message"": ""My strategy is shifting due to recent market movements and the cancellation of a specific order. Current balance in my account is $10000.""})",50,"argument_overlap:account,balance,cancellation,due,market,message,movements,my;schema_invalid;unresolved_input",no_candidate_above_threshold
smoke_explicit,multi_turn_base_151,0,llmcompiler_explicit_dag,"A complex decision awaits me. I'm planning an upcoming trip with limited resources and reevaluating my options. Could you first provide an estimate for a business class flight from San Francisco International to Los Angeles next Friday, November 10th, 2024, for an essential business engagement? Once the cost is known, please convert the estimate from USD to EUR for budgeting purposes, and if the cost is under 2000, proceed to book the flight using the secured credit card ID 144756014165 and a...",h1 | h2 | h3,"get_flight_cost(travel_from='SFO', travel_to='LAX', travel_date='2024-11-10', travel_class='business') | compute_exchange_rate(base_currency='USD', target_currency='EUR', value=400.0) | book_flight(access_token='abc123xyz', card_id='144756014165', travel_date='2024-11-10', travel_from='SFO', travel_to='LAX', travel_class='business')",u1,1,"1. get_flight_cost(arg={""travel_from"": ""San Francisco International"", ""travel_to"": ""Los Angeles"", ""travel_date"": ""2024-11-10"", ""travel_class"": ""business""})",get_flight_cost,,True,False,"missing_required: travel_class, travel_date, travel_from, travel_to; unknown_parameters: arg",partial,h1,"get_flight_cost({""travel_from"": ""SFO"", ""travel_to"": ""LAX"", ""travel_date"": ""2024-11-10"", ""travel_class"": ""business""})",150,h1,"get_flight_cost({""travel_from"": ""SFO"", ""travel_to"": ""LAX"", ""travel_date"": ""2024-11-10"", ""travel_class"": ""business""})",150,"exact_tool_name;argument_overlap:2024-11-10,business,travel_class,travel_date,travel_from,travel_to;schema_invalid",
smoke_explicit,multi_turn_base_151,0,llmcompiler_explicit_dag,"A complex decision awaits me. I'm planning an upcoming trip with limited resources and reevaluating my options. Could you first provide an estimate for a business class flight from San Francisco International to Los Angeles next Friday, November 10th, 2024, for an essential business engagement? Once the cost is known, please convert the estimate from USD to EUR for budgeting purposes, and if the cost is under 2000, proceed to book the flight using the secured credit card ID 144756014165 and a...",h1 | h2 | h3,"get_flight_cost(travel_from='SFO', travel_to='LAX', travel_date='2024-11-10', travel_class='business') | compute_exchange_rate(base_currency='USD', target_currency='EUR', value=400.0) | book_flight(access_token='abc123xyz', card_id='144756014165', travel_date='2024-11-10', travel_from='SFO', travel_to='LAX', travel_class='business')",u2,2,"2. convert_currency(arg={""from_currency"": ""USD"", ""to_currency"": ""EUR""})",convert_currency,,False,False,missing_tool_schema,wrong,,,,h2,"compute_exchange_rate({""base_currency"": ""USD"", ""target_currency"": ""EUR"", ""value"": 400.0})",20,"argument_overlap:eur,usd;schema_invalid",no_candidate_above_threshold
smoke_explicit,multi_turn_base_151,0,llmcompiler_explicit_dag,"A complex decision awaits me. I'm planning an upcoming trip with limited resources and reevaluating my options. Could you first provide an estimate for a business class flight from San Francisco International to Los Angeles next Friday, November 10th, 2024, for an essential business engagement? Once the cost is known, please convert the estimate from USD to EUR for budgeting purposes, and if the cost is under 2000, proceed to book the flight using the secured credit card ID 144756014165 and a...",h1 | h2 | h3,"get_flight_cost(travel_from='SFO', travel_to='LAX', travel_date='2024-11-10', travel_class='business') | compute_exchange_rate(base_currency='USD', target_currency='EUR', value=400.0) | book_flight(access_token='abc123xyz', card_id='144756014165', travel_date='2024-11-10', travel_from='SFO', travel_to='LAX', travel_class='business')",u3,3,"3. convert_currency(arg={""amount"": ""144756014165"", ""from_currency"": ""EUR"", ""to_currency"": ""USD""})",convert_currency,,False,False,missing_tool_schema,wrong,,,,h2,"compute_exchange_rate({""base_currency"": ""USD"", ""target_currency"": ""EUR"", ""value"": 400.0})",20,"argument_overlap:eur,usd;schema_invalid",no_candidate_above_threshold
smoke_explicit,multi_turn_base_151,1,llmcompiler_explicit_dag,"Due to unforeseen circumstances, I'm unable to proceed with my journey to Los Angeles next week. Could the system initiate a cancellation process for the flight booking made earlier?",h4,"cancel_booking(access_token='abc123xyz', booking_id='3426812')",u1,1,"1. cancel_flight(booking_id='3426812', transaction_id='45451592')",cancel_flight,,False,False,missing_tool_schema,wrong,,,,h4,"cancel_booking({""access_token"": ""abc123xyz"", ""booking_id"": ""3426812""})",30,"parameter_overlap:booking_id;argument_overlap:3426812,booking_id;schema_invalid",no_candidate_above_threshold
smoke_explicit,multi_turn_base_151,2,llmcompiler_explicit_dag,"I believe it would be strategic to communicate these adjustments to my extended network. Construct a tweet highlighting the cancellation of my travel plans, and ensure to add relevant hashtags 'TravelUpdate' and 'BusinessTrip' relating to travel and business updates, for message, just tell that 'Just cancelled my trip to LA'. Be sure to authenticate using my username 'john' and password 'john1234'.",h5 | h6,"authenticate_twitter(username='john',password='john1234') | post_tweet(content='Just cancelled my trip to LA',tags=['#TravelUpdate','#BusinessTrip'])",u1,1,"1. authenticate_twitter(username='john', password='john1234')",authenticate_twitter,,True,True,,exact,h5,"authenticate_twitter({""username"": ""john"", ""password"": ""john1234""})",165,h5,"authenticate_twitter({""username"": ""john"", ""password"": ""john1234""})",165,"exact_tool_name;parameter_overlap:password,username;argument_overlap:john,john1234,password,username;schema_valid",
smoke_explicit,multi_turn_base_151,2,llmcompiler_explicit_dag,"I believe it would be strategic to communicate these adjustments to my extended network. Construct a tweet highlighting the cancellation of my travel plans, and ensure to add relevant hashtags 'TravelUpdate' and 'BusinessTrip' relating to travel and business updates, for message, just tell that 'Just cancelled my trip to LA'. Be sure to authenticate using my username 'john' and password 'john1234'.",h5 | h6,"authenticate_twitter(username='john',password='john1234') | post_tweet(content='Just cancelled my trip to LA',tags=['#TravelUpdate','#BusinessTrip'])",u2,2,"2. post_tweet(hashtags=['TravelUpdate', 'BusinessTrip'], message='Just cancelled my trip to LA')",post_tweet,,True,False,"missing_required: content; unknown_parameters: hashtags, message",partial,h6,"post_tweet({""content"": ""Just cancelled my trip to LA"", ""tags"": [""#TravelUpdate"", ""#BusinessTrip""]})",150,h6,"post_tweet({""content"": ""Just cancelled my trip to LA"", ""tags"": [""#TravelUpdate"", ""#BusinessTrip""]})",150,"exact_tool_name;argument_overlap:businesstrip,cancelled,just,just cancelled my trip to la,la,my,travelupdate,trip;schema_invalid",
smoke_explicit,multi_turn_base_173,0,llmcompiler_explicit_dag,"I'm considering flying from Los Angeles Internationa (LAX) to John F. Kennedy (JFK) in business class on November 15, 2024. What would this flight typically cost?",h1,"get_flight_cost(travel_from='LAX', travel_to='JFK', travel_date='2024-11-15', travel_class='business')",,,,,,,,,NO_GENERATED_UNIT,,,,,,,,no_generated_units
smoke_explicit,multi_turn_base_173,1,llmcompiler_explicit_dag,"Once I know the cost, I need that in pounds sterling — it's easier for my budget planning. Let's base future travel expenses on $10,000 using access token 'abc123xyz'.",h2 | h3,"compute_exchange_rate(base_currency='USD', target_currency='GBP', value=2400.0) | set_budget_limit(access_token='abc123xyz', budget_limit=10000.0)",u1,1,"1. convert_currency(amount=2400.0, from_currency='USD', to_currency='USD')",convert_currency,,False,False,missing_tool_schema,wrong,,,,h2,"compute_exchange_rate({""base_currency"": ""USD"", ""target_currency"": ""GBP"", ""value"": 2400.0})",30,"argument_overlap:2400.0,gbp,usd;schema_invalid",no_candidate_above_threshold
smoke_explicit,multi_turn_base_173,1,llmcompiler_explicit_dag,"Once I know the cost, I need that in pounds sterling — it's easier for my budget planning. Let's base future travel expenses on $10,000 using access token 'abc123xyz'.",h2 | h3,"compute_exchange_rate(base_currency='USD', target_currency='GBP', value=2400.0) | set_budget_limit(access_token='abc123xyz', budget_limit=10000.0)",u2,2,"2. set_budget_limit(access_token='abc123xyz', budget_limit=10000, budget_currency='USD')",set_budget_limit,,True,False,unknown_parameters: budget_currency,partial,h3,"set_budget_limit({""access_token"": ""abc123xyz"", ""budget_limit"": 10000.0})",150,h3,"set_budget_limit({""access_token"": ""abc123xyz"", ""budget_limit"": 10000.0})",150,"exact_tool_name;parameter_overlap:access_token,budget_limit;argument_overlap:abc123xyz,access_token,budget_limit;schema_invalid",
smoke_explicit,multi_turn_base_173,2,llmcompiler_explicit_dag,"Okay, I've sorted out my budget. Let's go ahead and book the flight as we discussed. Use my card — it's the one with id card_1496 —.",h4,"book_flight(access_token='abc123xyz', card_id='card_1496', travel_date='2024-11-15', travel_from='LAX', travel_to='JFK', travel_class='business')",u1,1,"1. verify_credit_card(access_token='abc123xyz', card_id='card_1496')",verify_credit_card,,False,False,missing_tool_schema,wrong,,,,h4,"book_flight({""access_token"": ""abc123xyz"", ""card_id"": ""card_1496"", ""travel_date"": ""2024-11-15"", ""travel_from"": ""LAX"", ""travel_to"": ""JFK"", ""travel_class"": ""business""})",60,"parameter_overlap:access_token,card_id;argument_overlap:abc123xyz,access_token,card_1496,card_id;schema_invalid",no_candidate_above_threshold
smoke_explicit,multi_turn_base_173,2,llmcompiler_explicit_dag,"Okay, I've sorted out my budget. Let's go ahead and book the flight as we discussed. Use my card — it's the one with id card_1496 —.",h4,"book_flight(access_token='abc123xyz', card_id='card_1496', travel_date='2024-11-15', travel_from='LAX', travel_to='JFK', travel_class='business')",u2,2,"2. register_credit_card(access_token='abc123xyz', card_id='card_1496')",register_credit_card,,True,False,"missing_required: card_number, card_verification_number, cardholder_name, expiration_date; unknown_parameters: card_id",wrong,,,,h4,"book_flight({""access_token"": ""abc123xyz"", ""card_id"": ""card_1496"", ""travel_date"": ""2024-11-15"", ""travel_from"": ""LAX"", ""travel_to"": ""JFK"", ""travel_class"": ""business""})",60,"parameter_overlap:access_token,card_id;argument_overlap:abc123xyz,access_token,card_1496,card_id;schema_invalid",no_candidate_above_threshold
smoke_explicit,multi_turn_base_173,3,llmcompiler_explicit_dag,I noticed there's a ticket linked with this booking that I no longer find necessary. Can you cancel it on my behalf?,h5,close_ticket(ticket_id='ticket_001'),u1,1,"1. cancel_booking(access_token='abc123xyz', booking_id='3426812', transaction_id='45451592')",cancel_booking,,True,False,unknown_parameters: transaction_id,wrong,,,,h5,"close_ticket({""ticket_id"": ""ticket_001""})",0,schema_invalid,no_candidate_above_threshold
smoke_explicit,multi_turn_base_185,0,llmcompiler_explicit_dag,"As I'm mapping out the logistics for my forthcoming business journey, I require an estimate for airfare traveling from the first to the second airport in your inventory, all set for December 15th, 2024. My travel funds should not exceed $2000, and I'll use my designated access code, 12345-67890. Could you retrieve this information for me?",h1 | h2 | h3,"list_all_airports() | get_flight_cost(travel_from='RMS', travel_to='SBK', travel_date='2024-12-15', travel_class='business') | set_budget_limit(access_token='12345-67890', budget_limit=2000.0)",u1,1,"1. get_flight_cost(travel_from=""first airport"",travel_to=""second airport"",travel_date=""2024-12-15"")",get_flight_cost,,True,False,missing_required: travel_class,partial,h2,"get_flight_cost({""travel_from"": ""RMS"", ""travel_to"": ""SBK"", ""travel_date"": ""2024-12-15"", ""travel_class"": ""business""})",170,h2,"get_flight_cost({""travel_from"": ""RMS"", ""travel_to"": ""SBK"", ""travel_date"": ""2024-12-15"", ""travel_class"": ""business""})",170,"exact_tool_name;parameter_overlap:travel_date,travel_from,travel_to;argument_overlap:2024-12-15,travel_date,travel_from,travel_to;schema_invalid",
smoke_explicit,multi_turn_base_185,0,llmcompiler_explicit_dag,"As I'm mapping out the logistics for my forthcoming business journey, I require an estimate for airfare traveling from the first to the second airport in your inventory, all set for December 15th, 2024. My travel funds should not exceed $2000, and I'll use my designated access code, 12345-67890. Could you retrieve this information for me?",h1 | h2 | h3,"list_all_airports() | get_flight_cost(travel_from='RMS', travel_to='SBK', travel_date='2024-12-15', travel_class='business') | set_budget_limit(access_token='12345-67890', budget_limit=2000.0)",u2,2,"2. set_budget_limit(access_token=""12345-67890"",budget_limit=2000)",set_budget_limit,,True,True,,exact,h3,"set_budget_limit({""access_token"": ""12345-67890"", ""budget_limit"": 2000.0})",155,h3,"set_budget_limit({""access_token"": ""12345-67890"", ""budget_limit"": 2000.0})",155,"exact_tool_name;parameter_overlap:access_token,budget_limit;argument_overlap:12345-67890,access_token,budget_limit;schema_valid",
smoke_explicit,multi_turn_base_185,1,llmcompiler_explicit_dag,"Relating to the travel itinerary I'm arranging, I would like to secure travel insurance with a fee of $300 linked to booking code d184e2c0-2ebb-4f39-a525-d5e01b67dc6c. I'd prefer to utilize the payment method associated with card ID '0001'. Kindly finalize this with my access code 12345-67890.",h4,"purchase_insurance(access_token='12345-67890', insurance_type='comprehensive', booking_id='d184e2c0-2ebb-4f39-a525-d5e01b67dc6c', insurance_cost=300.0, card_id='0001')",u1,1,"1. purchase_insurance(access_token='12345-67890', booking_id='d184e2c0-2ebb-4f39-a525-d5e01b67dc6c', insurance_cost=300.0, card_id='0001')",purchase_insurance,,True,False,missing_required: insurance_type,partial,h4,"purchase_insurance({""access_token"": ""12345-67890"", ""insurance_type"": ""comprehensive"", ""booking_id"": ""d184e2c0-2ebb-4f39-a525-d5e01b67dc6c"", ""insurance_cost"": 300.0, ""card_id"": ""0001""})",180,h4,"purchase_insurance({""access_token"": ""12345-67890"", ""insurance_type"": ""comprehensive"", ""booking_id"": ""d184e2c0-2ebb-4f39-a525-d5e01b67dc6c"", ""insurance_cost"": 300.0, ""card_id"": ""0001""})",180,"exact_tool_name;parameter_overlap:access_token,booking_id,card_id,insurance_cost;argument_overlap:0001,12345-67890,300.0,access_token,booking_id,card_id,d184e2c0-2ebb-4f39-a525-d5e01b67dc6c,insurance_cost;schema_invalid",
smoke_explicit,multi_turn_base_185,2,llmcompiler_explicit_dag,"Could you assist by procuring the invoice for my reservation? I need to review the specifics to confirm precision, tapping into my access code 12345-67890 for verification.",h5,"retrieve_invoice(access_token='12345-67890', booking_id='d184e2c0-2ebb-4f39-a525-d5e01b67dc6c')",u1,1,1. retrieve_invoice(),retrieve_invoice,,True,False,missing_required: access_token,partial,h5,"retrieve_invoice({""access_token"": ""12345-67890"", ""booking_id"": ""d184e2c0-2ebb-4f39-a525-d5e01b67dc6c""})",100,h5,"retrieve_invoice({""access_token"": ""12345-67890"", ""booking_id"": ""d184e2c0-2ebb-4f39-a525-d5e01b67dc6c""})",100,exact_tool_name;schema_invalid,
